dcm,-0.288969,-0.288959,-0.14463499,-0.13875,-0.138749,-0.370662,-0.370661,-0.08890599,-0.08890499,-0.08086699,-0.3298155,-0.32981,-0.113827996,-0.113827,-0.11275099,0.26,0.11,0.09,9.1,18.5,3,7,46.5,0.1,0.1,0.43,0.42,8.93,0.55,1.1,0.1,7.6,0.1,0.1,1.6,-97,39.6,0.43,6,22.9,1.42,8.93,0.43,3.1,11.32,0.2,1,1.33,29.8,84.93,1.33,27.2,0.31,-0.47,0.1,0.01,0.6,447,-24,0,1.45,83.881,-13.3905,-0.5727,0.244,0.6054,-0.2653,0.1783,0.2739,-0.2715,0.0154,0.2395,-0.2345,0.2274,-0.2286,0.0078,0.1385,0.0134,0.678,0.2153,-0.1333,-0.0595,0.3021,0.1571,-0.4004,0.1898,-0.1197,-0.0219,0.1387,0.0398,0.0378,0.1073,-0.1713,-0.0165,-0.0516,0.0558,0.2513,-0.0177,-0.2568,-0.2187,0.138,-0.2718,-0.113,-0.0832,-0.1436,-0.056,0.1593,-0.2418,-0.1258,-0.1665,-0.1096,0.2441,-0.1078,0.1848,0.0881,-0.0212
chloroform,-0.27218997,-0.271976,-0.271819,-0.099958,-0.08405,-0.312534,-0.310512,-0.310417,-0.037590005,-0.028945997,-0.29217649,-0.291351,-0.2911965,-0.064452,-0.060820002,0.18,0.15,0.09,9.1,17.5,3.1,8.8,47.5,0.2,0.1,0.44,0.15,4.81,0.58,0.98,0.2,8.5,0,0.1,1.04,-63.5,61.2,0.56,6.5,23.8,1.45,4.81,0.29,4.1,11.37,0,1,0.96,29.2,119.38,1.49,27.1,0.26,-0.53,0.16,0.01,0.6,197,-23,0,1.5,117.896,-18.8224,-0.5823,-0.0911,0.9178,-0.1964,0.5801,-0.1015,0.1566,-0.2014,0.3894,-0.4164,0.4164,-0.1657,-0.393,0.0898,0.0283,0.3547,0.1279,-0.1111,-0.0191,0.3421,-0.0451,-0.1723,-0.1817,0.0199,0.0405,-0.0976,-0.0829,0.0275,0.0125,-0.0077,0.017,-0.0163,0.0079,0.0868,0.0744,-0.0038,-0.1012,0.0163,0.0397,-0.005,-0.2269,-0.1005,-0.0689,0.0474,-0.2411,-0.1151,-0.3722,-0.1665,-0.0804,0.1267,0.0225,0.1738,0.0278
dichloroethylene,-0.211507,-0.211507,-0.189699,-0.18969801,-0.098793,-0.257673,-0.257672,-0.17702,-0.17702,-0.06531,-0.2236855,-0.2236855,-0.19426349,-0.19426349,-0.0820515,0.15,0.05,0.15,10.7,17,1.5,5.5,46,0.1,0.2,0.5,0.24,9.08,0.55,1.1,0.1,8.8,0,0.1,1.4,-50,48.5,0.94,6.3,25.6,1.45,7.5,0.27,3.3,10.35,0,1,1.2,27,96.94,1.26,23.7,0.23,-0.51,0.1,0.01,0.5,225,-17,0,2.01,95.7437,-15.3037,-0.402,-0.097,0.707,-0.0192,0.4559,0.0292,-0.2829,-0.2402,0.0592,-0.5219,0.1546,-0.2268,0.0054,-0.0302,-0.0197,0.3852,-0.0466,-0.0399,-0.3196,0.6022,0.1527,-0.3641,-0.3488,0.2416,-0.1661,0.0414,-0.1894,0.0842,0.0425,-0.2115,-0.1824,-0.0714,0.0839,-0.0206,0.1514,-0.287,-0.1723,-0.0585,0.1032,-0.0544,-0.1657,-0.2432,0.028,0.272,-0.0436,0.1231,-0.3109,0.044,0.179,0.1178,0.1954,0.2717,0.3099
orthodichlorobenzene,-0.149429,-0.149429,-0.091965,-0.091964,-0.081089996,-0.165625,-0.165622,-0.117447,-0.117445,-0.09361,-0.1233575,-0.123356,-0.104706004,-0.1047045,-0.0981725,0.15,0.1,0.14,18.8,18,2.3,5.5,45,0,0.11,0.31,0.12,9.93,0.5,1,0.1,9.3,0,0.14,2.38,-17,180.5,0.91,6.2,24.6,1.53,9.93,0.22,3.7,9.07,0,1,1.34,36.5,147,1.31,34.6,0.2,-0.5,0.11,0.01,0.7,1.7,90,0,2.77,145.1967,-23.2551,1.395,-0.1135,0.1979,-0.2201,0.1421,-0.0321,-0.2107,0.285,0.1784,-0.3953,0.1863,-0.1962,-0.2083,-0.1293,0.1561,0.7077,0.1184,0.0187,-0.2616,0.4456,0.1523,0.0008,-0.2599,-0.2838,-0.234,-0.3668,-0.1924,0.1309,-0.0003,0.2589,-0.1187,-0.3385,0.4343,0.1647,0.1537,-0.1447,-0.006,0.5776,0.0695,0.0018,-0.0282,-0.1286,-0.1058,0.0999,-0.0407,-0.0675,-0.4036,0.137,0.0993,0.1201,0.058,-0.3155,-0.3815
anisole,-0.138914,-0.138383,-0.123586,-0.109574996,-0.068793,-0.142219,-0.12356301,-0.095712,-0.094918996,-0.081859,-0.116651,-0.106781006,-0.104876004,-0.095717,-0.0916215,0.05,0,0.16,18.6,18,1,6.5,44.5,0,0.27,0.55,0.18,4.33,0.5,1,0,9.3,0,0.44,1.23,-37,154.2,0.98,5.9,24.6,1.52,4.33,0.1,3.9,8.5,0,1,1.6,40.2,108.14,1,32.8,0.22,-0.5,0.08,0.01,0.7,1.9,61,12.9,2.32,108.2794,-7.9416,1.5964,0.1553,-1.3184,-0.6583,-0.2609,-0.4483,0.224,-0.087,-0.5936,0.4585,-0.3159,0.5976,-0.5138,-0.1705,-0.181,0.1928,0.0003,0.3208,0.2328,0.2514,0.1376,-0.1412,-0.2022,0.1913,0.1317,-0.3778,-0.0679,0.3186,0.491,-0.2566,0.1688,-0.5088,-0.0594,0.1086,-0.2359,-0.4274,-0.1107,-0.4825,-0.0759,-0.0482,0.0277,0.2924,0.0682,0.0343,-0.0716,-0.5671,0.0702,0.0017,-0.0533,-0.253,-0.3427,0.3762,0.1615
hexane,-0.08338,-0.08338,-0.083343,-0.083337,-0.061628,-0.081872,-0.081871,-0.081867,-0.081867,-0.061481997,-0.0826235,-0.0826235,-0.082607,-0.0826045,-0.0615545,0,0,0.13,14.9,17.5,0,0.5,42,0,0,0,-0.34,1.89,0.3,0.45,0,12.8,0,0,0.08,-95.3,69,0.36,4.4,14.5,1.38,1.89,-0.37,0.1,11.5,0,1,2.26,28.9,86.18,0.66,18.4,0,-0.54,-0.39,0.01,0.7,150,-7,0,4.09,85.1314,-13.6325,-0.7837,1.3218,-0.2223,1.1035,-0.5135,0.9805,-0.6758,-0.2866,0.2378,-0.319,-0.1859,0.2002,-0.4887,-0.0926,-0.4526,-0.2125,-0.0219,0.238,0.1892,0.1157,-0.1859,0.0064,-0.2089,-0.1355,0.1715,0.0004,0.014,-0.0244,-0.0547,-0.1459,0.0358,0.0041,-0.0782,0.0323,0.0084,-0.0119,-0.1323,0.1538,-0.0993,-0.0399,0.0255,-0.0026,-0.014,0.0044,0.0652,-0.0221,0.0972,0.0345,0.0723,-0.0501,0.0042,-0.0686,-0.0412
chlorobenzene,-0.13286999,-0.13286999,-0.124671,-0.124671,-0.08028299,-0.219015,-0.152766,-0.11169901,-0.077916995,-0.077916995,-0.149649,-0.1096665,-0.103992,-0.103992,-0.101293996,0,0,0.16,18.7,18.7,1.5,4.9,45,0,0.1,0.31,0.02,5.62,0.4,1,0.1,10.5,0.1,0.2,1.7,-45.3,131.7,0.94,5.3,21.9,1.53,5.62,0,3.7,9.07,0,1,1.54,33,112.56,1.11,33,0.18,-0.49,-0.03,0.01,0.8,13.3,29,0,2.43,111.1804,-17.8208,1.8379,-0.0307,-0.0548,-0.2612,0.0273,-0.067,-0.296,0.2975,0.1909,-0.0913,0.1767,0.0967,-0.3112,0.1334,0.152,0.6501,0.0956,-0.1148,-0.3703,0.431,0.1154,0.0212,-0.2008,-0.2188,0.2771,-0.0225,-0.0174,0.2255,0.0547,0.1776,-0.1951,-0.3055,0.4706,0.2033,0.0926,-0.2368,-0.0005,0.3137,0.0264,-0.0758,0.0264,-0.3965,0.0906,0.0633,-0.1739,-0.0965,-0.4065,-0.0283,0.0821,-0.1257,0.4241,-0.0472,-0.2358
cyclohexane,-0.086409,-0.086259,-0.085885,-0.085809,-0.085597,-0.080009,-0.080008,-0.079917,-0.079917,-0.079906,-0.0639235,-0.0638485,-0.063634,-0.0635965,-0.063566,0,0,0.17,14.9,17,0,4.1,44.5,0,0,0,-0.28,2.02,0.3,0.5,0,12.3,0,0,0,6.5,80.7,0.32,4.7,14.9,1.43,2.02,-0.3,0.2,9.88,0,1,1.85,33.1,84.16,0.78,25.5,0.01,-0.54,-0.39,0.01,0.9,95.1,-20,0,3.45,83.1295,-13.3148,-0.4166,-0.4651,0.4991,0.7545,-0.3474,-0.2672,-0.4069,-0.1984,-0.1294,0.0366,0.6992,0.1028,-0.0197,-0.2922,0.0473,0.1745,-0.2625,0.145,0.0447,-0.2524,-0.0214,-0.0782,-0.0267,0.2229,-0.0054,0.0475,0.3883,-0.3081,-0.0001,0.0095,-0.0203,-0.1036,-0.0304,0.0414,0.0702,-0.1995,-0.1165,0.0252,0.2278,0.1359,-0.1404,0.1363,0.126,0.0244,-0.0784,0.255,-0.0468,-0.0497,-0.0944,-0.0548,0.0329,-0.0555,0.0332
ethylbenzene,-0.12636301,-0.126102,-0.118252,-0.117966995,-0.065909,-0.156821,-0.12803301,-0.081309,-0.081291,-0.075649,-0.109622,-0.101006,-0.100862496,-0.0997805,-0.099629,0.09,0,0.18,18.4,18.8,0.6,6,45.5,0,0.11,0.31,-0.03,2.56,0.3,0.62,0,12.4,0,0.14,0.6,-95,136.2,0.87,5.1,24.2,1.49,2.37,0,2.6,8.56,0,1,1.76,38.7,106.17,0.87,28,0.11,-0.51,-0.22,0.01,0.7,4.8,-30,0,3.19,104.8785,-16.7933,1.5235,0.9039,-0.8143,0.0344,-0.5766,0.6421,-0.145,0.407,0.0217,0.4743,0.0091,0.4891,0.2216,0.9605,-0.0663,0.4609,0.2676,0.155,-0.0493,-0.1038,-0.0826,-0.3307,0.1959,0.0276,-0.0386,0.3212,0.1409,-0.0839,-0.105,-0.5815,0.2502,-0.0716,-0.3248,-0.3051,-0.1552,0.1085,0.0723,-0.0714,0.0193,-0.075,-0.025,-0.1487,0.0775,-0.229,-0.1734,0.4111,-0.0063,-0.003,-0.2792,0.6241,0.1256,0.2099,-0.331
tButanol,-0.468594,-0.104271,-0.104145005,-0.09378001,-0.035257004,-0.375623,-0.10151498,-0.063226,-0.063199,-0.055811003,-0.2850545,-0.2347015,-0.068292,-0.068232,-0.049228,0.56,0.5,0.29,23.4,16.5,5,12.5,52,0.77,0.7,0.62,0.3,12.5,0.4,1,0.35,8.3,0.31,1.24,1.66,25.5,82.4,0.81,5.8,25.6,1.42,12.47,0.42,3.9,10.5,1,0.2,2.37,43.3,74.12,0.78,20.4,0.27,0.61,0.17,1,1,40,11,20.23,0.35,76.4005,8.3369,-0.0233,0.5468,0.6563,0.3449,0.0113,-0.1804,0.2752,-0.6427,-0.2285,0.6933,-0.6562,-0.0514,0.5331,-0.3071,0.1125,-0.0608,-0.0876,-0.0737,-0.4677,-0.2071,-0.1087,0.3147,-0.237,-0.27,0.0679,-0.2693,0.0323,-0.0137,-0.3214,0.1335,0.0755,-0.199,-0.1522,-0.247,-0.0394,-0.0991,0.0738,-0.0294,0.017,0.2625,-0.0944,-0.2283,0.0364,-0.0192,0.2629,-0.0392,-0.1311,-0.0186,0.0711,-0.2513,0.1516,-0.0622,-0.1158
tAmylalcohol,-0.46554,-0.101764,-0.094531,-0.09048399,-0.033747,-0.338933,-0.09361,-0.062535,-0.056838,-0.056669,-0.279575,-0.21470849,-0.0671095,-0.063404,-0.0472755,0.51,0.38,0.3,23,17.5,6,11,52,0.87,0.68,0.68,0.31,13,0.4,1,0.35,8.5,0.37,0.84,1.65,10.8,102,1,6,26.4,1.39,12.3,0.45,4,10,0.2,0.7,2.5,43.2,88.15,0.81,21.1,0.28,0.66,0.18,1,0.9,2.8,49,20.2,2.39,90.2597,6.1265,-0.3527,1.2495,0.5177,0.4477,-0.3159,0.2702,-0.0211,-0.6604,-0.0275,0.9501,-0.5223,-0.1853,0.8682,0.0318,-0.0856,0.1745,0.0445,0.1718,-0.5167,-0.2732,0.0748,0.115,-0.0746,-0.4625,-0.0761,-0.121,0.0152,-0.0094,-0.7118,-0.0477,0.0013,-0.3617,0.1377,-0.1169,-0.2176,-0.1838,0.3136,-0.2187,0.0192,0.0338,-0.3322,-0.1722,-0.1025,-0.3609,0.2266,0.106,-0.1283,0.0121,0.0708,-0.5632,0.1888,-0.1755,-0.1449
benzene,-0.148855,-0.148855,-0.087505,-0.087504,-0.08707599,-0.145844,-0.145843,-0.14367,-0.14367,-0.057368003,-0.14734949,-0.147349,-0.115373,-0.115372494,-0.0714685,0.09,0,0.18,18,18.5,0,3,44,0,0.14,0.17,-0.1,2.3,0.3,0.59,0,10.3,0,0.14,0,5.5,80.1,0.65,5.5,17.6,1.5,2.3,-0.05,2.7,9.24,0,1,1.74,30.8,78.11,0.88,28.9,0.11,-0.59,-0.3,0.01,0.9,95.1,-11,0,2.13,77.1549,-12.359,0.9867,0.0934,0.0372,-0.1081,0.0335,-0.1962,-0.2858,0.025,0.0108,-0.0853,0.0567,0.2269,-0.0468,0.1132,0.0255,-0.0261,0.0878,-0.055,-0.0938,0.0362,-0.2161,-0.1155,-0.0763,0.0415,0.3632,0.2761,0.0821,-0.0556,-0.0333,0.1471,0.1017,0.1705,-0.0735,0.2961,-0.26,-0.0336,0.0318,-0.3284,0.1321,0.1276,-0.1206,-0.0364,0.0925,0.0837,-0.0745,-0.064,-0.0267,-0.015,-0.0345,-0.0739,0.0327,0.0315,-0.0731
cyclopentylmethylether,-0.172957,-0.161471,-0.15482299,-0.130469,-0.050549,-0.292412,-0.080446,-0.078788,-0.074695,-0.072732,-0.151059,-0.102582,-0.096751,-0.0966025,-0.09597249,0.48,0.2,0.16,9.6,16.5,0.6,7.4,48.5,0,0.47,0.59,-0.37,4.8,0.45,0.7,0,11.7,0,0.1,1.03,-91.5,106,0.6,7.3,29.5,1.41,4.5,0.24,0.56,9.8,0,0.7,2.44,37.4,100.18,0.86,22,0.28,-0.23,-0.05,0.1,1,16.2,22,0,2.29,100.3906,-6.6404,-1.0485,-0.7008,-0.3527,0.4661,-0.9133,-1.0918,0.1913,-0.315,-1.3879,0.1528,0.1384,0.3291,-0.4099,0.107,-0.533,0.199,0.022,0.2359,0.2414,0.1568,0.1327,-0.1274,0.0907,0.2636,-0.1463,0.3444,0.1795,0.2175,0.3617,-0.0191,0.1148,0.2617,0.0656,0.2679,0.7798,0.0019,0.8445,-0.0529,-0.2856,-0.4135,0.0733,-0.1401,0.4962,0.5971,0.5126,-0.208,-0.0577,0.3009,-0.658,-0.197,0.2013,-0.1657,-0.1999
methyltetrahydrofuran,-0.246237,-0.228381,-0.124585,-0.06019,-0.059428003,-0.299335,-0.101026,-0.095006004,-0.082283,-0.070418,-0.17363149,-0.1676225,-0.1283665,-0.103434,-0.064186,0.32,0.12,0.22,19.2,17,6.1,10,51.5,0,0.5,0.54,0.33,7.58,0.48,0.98,0.08,8,0,0.55,1.41,-136,80.5,0.45,5.7,22.3,1.41,6.97,0.48,4.3,9.35,0.2,1,2.5,30,86.13,0.85,25,0.28,-0.49,0.25,0.1,0.6,190,-11,9.23,0.89,86.5348,-4.4206,-0.9471,-1.4108,-0.1815,0.8166,-1.3786,-0.4818,0.2286,-0.1403,0.1164,-0.0178,-0.5787,0.6699,0.2203,0.709,0.1521,-0.217,-0.0082,-0.7353,0.0256,0.621,0.2912,-0.0882,0.403,0.0871,-0.0564,0.0435,0.4802,0.9557,-0.3844,0.6201,0.4326,0.1859,-0.1145,-0.0929,0.2,-0.3166,-0.7588,0.3921,0.7642,-0.2139,-0.9004,0.6018,0.377,-0.4048,0.0019,-0.1314,0.3555,0.2987,0.2253,0.184,0.2608,-0.033,0.0366
pCymene,-0.124351,-0.119288,-0.11001401,-0.105220996,-0.065634,-0.122393,-0.117832996,-0.077665,-0.071906,-0.071252,-0.101008,-0.095597,-0.0895245,-0.088236496,-0.085337,0.09,0,0.19,18.5,18.5,1.5,6.2,45.5,0,0.14,0.17,-0.06,2.29,0.3,0.6,0,13.3,0,0.14,0.08,-68.2,177,0.85,5.1,22.5,1.49,2.36,-0.1,2.6,8.5,0,1,1.8,44.5,134.22,0.86,28.8,0.1,-0.53,-0.27,0.01,0.8,2.04,47,0,4.1,132.5827,-21.236,1.0017,0.4028,-0.2622,0.8526,0.1209,-0.1039,1.8261,-0.1398,0.522,-1.0201,0.5474,-0.4489,-0.2171,-0.4042,0.1623,-0.2423,-0.3184,0.2139,-0.3505,-0.1668,0.7671,1.1597,0.4305,-0.265,0.0634,0.627,0.3027,0.4031,-0.1508,-0.4287,-0.1913,-0.2529,0.3552,0.0611,-0.0133,0.5332,0.1362,0.1646,0.0888,0.0638,0.1543,0.1565,0.0873,0.0451,-0.2568,-0.0471,0.227,0.1862,0.0645,-0.0618,-0.139,0.0475,0.0369
mesitylene,-0.12769,-0.107085,-0.071342,-0.070387006,-0.063388005,-0.160495,-0.119077995,-0.076584004,-0.063448,-0.060127,-0.111819506,-0.102137,-0.091233,-0.083606,-0.0669175,0.09,0,0.15,18.2,18.5,0,5,45.5,0,0.15,0.17,-0.05,2.35,0.3,0.6,0,12.8,0,0.14,0,-45,165.4,1,5.9,25.3,1.51,2.27,-0.2,2.3,8.4,0,1,1.51,41,120.19,0.86,27,0.09,-0.56,-0.28,0.01,0.7,3.7,17,0,3.4,118.7219,-19.0005,0.5313,0.1089,-0.2345,0.5033,0.1081,0.2177,0.7034,0.0204,-0.1288,-0.67,-0.069,-0.3685,0.5389,-0.4296,-0.1703,-0.2402,-0.1565,-0.1107,0.0525,-0.0685,0.3824,0.4515,0.144,-0.0006,0.0266,-0.0689,0.2975,-0.2276,0.1085,-0.3363,0.1744,0.5173,-0.4868,0.2724,-0.1164,-0.2845,-0.2887,-0.6158,-0.1888,0.1972,-0.3759,0.0097,-0.1367,0.2172,0.3862,-0.0979,-0.3625,-0.2883,-0.0508,0.363,0.1898,-0.3158,0.0391
tetrahydrofuran,-0.247614,-0.202396,-0.128923,-0.066818,-0.064411,-0.315315,-0.102882,-0.102243,-0.078384005,-0.076944,-0.17836699,-0.152639,-0.138167,-0.103653505,-0.068818,0.26,0.11,0.23,18,17.8,7.3,11,50,0,0.55,0.58,0.49,7.52,0.48,0.98,0.08,7.3,0,0.55,1.75,-108.5,66,0.36,5.5,21.8,1.41,7.58,0.55,4,9.57,1,1,2.11,26.5,72.11,0.89,26.4,0.26,-0.48,0.32,0.1,0.9,160,-14,20.2,0.45,72.6727,-2.2097,-0.631,-1.2437,0.1468,0.0229,-0.7851,-0.2565,-0.3342,-0.1378,0.8947,-0.087,0.5287,1.2259,0.6281,-0.5304,0.2533,-0.1377,0.1583,0.4299,-0.2974,-0.1015,0.1115,-0.0231,0.2108,0.2275,0.1228,-0.1652,0.1197,-0.1956,0.0416,-0.0548,-0.153,-0.0654,0.0652,-0.1659,-0.1034,-0.0216,-0.1398,0.1357,0.1886,-0.3954,-0.198,0.0132,0.0649,0.4198,0.0832,-0.0819,0.0215,-0.2688,-0.2368,-0.0999,-0.3625,-0.0915,0.0608
toluene,-0.127528,-0.123390004,-0.12298599,-0.118037,-0.066405,-0.158716,-0.13211799,-0.083787,-0.083149,-0.077031,-0.1106895,-0.1033865,-0.1022795,-0.100593,-0.0998065,0.1,0,0.19,18.2,18.3,1.3,6.2,43.5,0,0.11,0.31,-0.04,2.38,0.3,0.62,0,10.4,0,0.14,0.38,-95,110.6,0.59,5.2,18.7,1.5,2.38,-0.16,2.4,8.82,0,1,1.7,38.1,92.14,0.87,28.5,0.1,-0.53,-0.25,0.01,0.8,28.4,4,0,2.73,91.0217,-14.5911,1.8545,0.2595,-0.7701,0.2345,-0.1517,0.0771,0.5924,0.2924,-0.1409,-0.2176,-0.1193,0.1652,0.347,-0.0144,-0.1405,-0.0988,-0.1316,-0.0167,-0.1356,0.0263,0.316,0.5363,0.3073,-0.1306,0.2766,0.0773,0.275,-0.0093,0.1047,-0.0701,0.0161,0.1048,-0.4127,0.0028,0.0501,-0.1881,-0.1012,-0.4104,-0.1233,-0.2261,0.0142,-0.1408,0.0172,0.0966,-0.0782,-0.0704,-0.0986,0.0113,0.2998,-0.2631,0.1578,-0.083,-0.0538
ethylacetate,-0.263818,-0.15507498,-0.132368,-0.098050006,-0.054086998,-0.412305,-0.105260015,-0.103856996,-0.073961996,-0.056468002,-0.27233648,-0.15845549,-0.1301675,-0.086006,-0.078972,0.26,0.12,0.23,18,18,4,8.3,48,0,0.45,0.58,0.26,6.02,0.5,1,0.1,7.5,0.04,0.45,1.78,-83.6,77.1,0.89,5.9,23.7,1.37,6.02,0.55,4.3,10.02,0.2,1,2.27,31.9,88.11,0.9,24,0.23,-0.37,0.45,0.5,0.8,93.7,-4,37.7,0.74,91.1794,12.2093,-0.8938,1.0684,-1.4875,0.495,0.7959,-0.4282,-0.3083,1.043,0.3197,0.2685,0.342,-0.2519,0.6235,0.1167,-0.2323,-0.0995,0.1824,-0.143,-0.3019,-0.049,0.3266,0.0008,0.3718,-0.0461,-0.3957,0.1257,0.1279,-0.0395,0.4006,0.2454,0.0883,0.0715,0.0667,0.1253,0.0374,-0.1066,-0.1386,-0.0811,0.125,-0.088,0.1231,0.0048,-0.0928,-0.0834,0.0563,-0.1389,-0.2587,0.0036,-0.0716,-0.0976,-0.1243,0.0045,-0.1398
tetrahydropyran,-0.259673,-0.25952,-0.094697,-0.094629996,-0.057746008,-0.279367,-0.075937,-0.075931996,-0.061118,-0.061117,-0.16855651,-0.1678025,-0.1677285,-0.0779075,-0.0778735,0.25,0.11,0.19,18.2,18,6.5,10,51,0,0.47,0.49,0.35,7.2,0.5,1,0.08,7.7,0,0.54,1.43,-44.9,88.8,0.36,5.5,21.7,1.42,6.47,0.48,4.2,9.2,1,1,2.22,30.7,86.13,0.89,26.5,0.26,-0.49,0.31,0.1,0.7,25.8,-15,9.23,0.68,86.5274,-4.4298,-0.6888,-1.2741,0.2444,0.1542,-0.8264,-0.3306,-0.4314,-0.1933,0.8713,-0.1067,0.6819,1.2447,0.6295,-0.5872,0.2752,-0.0886,0.0433,0.4641,-0.2874,-0.1885,0.1274,-0.056,0.2268,0.3298,0.1353,-0.241,0.2387,-0.3848,0.0657,-0.1111,-0.234,-0.1206,0.0593,-0.1315,-0.1041,-0.1178,-0.1879,0.1419,0.3131,-0.2313,-0.1182,0.1495,0.0887,0.3797,-0.0706,0.1489,-0.0072,-0.391,-0.2876,-0.1575,-0.3215,-0.1863,0.0858
carbondisulfide,-0.414501,-0.414501,-0.170995,-0.458265,-0.458265,-0.083469,-0.436383,-0.436383,-0.127232,-0.414501,-0.414501,-0.458265,-0.458265,-0.436383,-0.436383,0.13,0,0.13,10.9,17.9,0,5.6,44,0,0,0,-0.4,2.64,0.3,0.5,0,9.6,0,0,0,-111.6,46.3,0.62,5.6,22,1.63,2.64,-0.14,0.2,10.08,0,1,0.65,27.6,76.14,1.26,32.1,0.11,-0.59,-0.28,0.01,0.4,221,-30,0,1.6,75.2,-12.0115,-0.3078,-0.0877,0.4516,-0.0245,0.262,0.0304,-0.0972,-0.2027,0.0323,-0.3633,0.1488,-0.1277,-0.0264,-0.0657,0.0508,0.0175,0.2442,-0.1662,0.1871,-0.211,0.3147,0.2527,-0.0981,0.1029,-0.034,0.0258,0.0813,-0.0324,-0.0559,-0.137,0.0075,0.1053,-0.0754,-0.0139,0.0179,0.2409,-0.043,-0.3076,0.1089,0.0279,-0.1084,0.0347,0.0592,0.0428,-0.3948,0.0669,0.0047,0.2821,0.05,-0.1352,-0.1335,0.3474,-0.265
propylenecarbonate,-0.216628,-0.20865099,-0.14319299,-0.102307,-0.086527005,-0.166054,-0.157956,-0.08940901,-0.083601,-0.07990299,-0.1501145,-0.14903,-0.1126885,-0.110728,-0.09886149,0.39,0.27,0.22,27.1,18,7,9,50.5,0.4,0.35,0.6,0.83,64.9,0.45,1.5,0.12,7.1,0.11,0.82,4.9,-49.2,241,1.1,6.9,32,1.42,64,0.61,6.1,12.5,1,0,1.76,51.8,102.09,1.21,42.1,0.37,-0.26,0.56,0.1,0.6,0.7,99,40.4,0.83,106.4416,19.1134,-0.1967,-1.9943,-1.1717,0.522,-0.8165,0.2675,0.1367,-0.3133,0.8514,0.1148,-1.2224,-0.7674,-0.318,0.5819,0.135,0.2705,-0.8287,-0.8621,0.3569,0.2714,0.0346,0.2888,-0.5269,-0.5072,-0.2296,0.5612,-0.0492,-1.4308,0.5011,-0.1987,-0.132,-0.6112,0.2079,-0.2008,-0.0502,-0.1213,0.1589,0.0368,0.2889,-0.1861,-0.4967,-0.0313,0.0671,0.5711,0.0035,-0.1015,0.3823,-0.172,0.0808,0.1353,-0.2228,0.2779,-0.1178
acetone,-0.247137,-0.24029398,-0.080345005,-0.080199,-0.073339,-0.392014,-0.12288,-0.08394001,-0.08394,-0.056888,-0.31615397,-0.1850085,-0.0735365,-0.073534004,-0.068616495,0.41,0.1,0.14,19.3,15.5,9.8,7,45.6,0.08,0.44,0.48,0.48,20.7,0.5,1.15,0.08,6.5,0.08,0.48,2.88,-94.7,56.05,0.32,5.5,19.9,1.36,20.7,0.48,5.1,9.69,1,0.7,2.15,31.3,58.08,0.79,23.7,0.36,-0.37,0.48,1,0.8,181,-20,20.23,-0.24,60.0611,7.7624,-0.2477,0.2326,-0.3863,0.8398,0.9382,-0.3093,0.0173,0.5115,-0.077,0.072,-0.3856,0.3402,0.0985,-0.0684,0.3187,0.1282,-0.0247,-0.2796,-0.0518,-0.0887,-0.1888,0.1209,-0.0343,0.1122,0.0666,-0.0806,0.0881,-0.146,-0.295,-0.1891,-0.0675,-0.0318,-0.0181,0.0912,0.0576,-0.193,-0.0571,0.0762,-0.0909,-0.0529,0.0923,-0.0141,0.1217,0.0371,0.0189,0,0.0021,0.1411,-0.0111,0.0923,-0.03,-0.0641,-0.0221
dioxane,-0.102906,-0.102886,-0.10284,-0.102825,-0.078865,-0.166904,-0.166904,-0.058826,-0.058826,-0.058826,-0.101491004,-0.101485506,-0.076432,-0.076422,-0.076399,0.31,0.14,0.21,19.8,17.5,6.1,7.3,50,0,0.37,0.34,0.27,2.21,0.5,0.9,0,8,0,0.37,0.45,11.8,101.1,1.2,6.8,31,1.43,2.21,0.2,4.8,9.26,1,1,1.84,41.7,88.11,1.03,36.4,0.27,-0.5,0.37,0.5,0.9,5.6,12,37.3,0.26,89.9215,4.4541,-0.6913,-1.3659,-0.0411,-0.7292,-0.5559,-0.1923,-0.184,-0.1015,1.0826,-0.292,0.0913,0.9645,0.5665,-0.3864,0.1545,-0.2225,0.4171,0.2686,-0.2351,0.0585,-0.0552,0.0816,0.0717,-0.0452,0.0399,-0.1404,-0.2544,-0.099,0.02,-0.078,-0.0774,-0.0184,0.0482,-0.0658,-0.2325,0.258,-0.0312,-0.0883,-0.2053,-0.1408,0.1139,-0.0326,-0.0764,0.136,0.0793,-0.0034,-0.002,0.1595,-0.1115,-0.0044,0.1992,0.1373,-0.0516
dmso,-0.344221,-0.303271,-0.10855699,-0.060363002,-0.058670014,-0.32468,-0.282548,-0.065278,-0.06527,-0.051115,-0.3133845,-0.191675,-0.170101,-0.086913496,-0.051712997,0.56,0.17,0.31,47.6,26,7.2,19,48,0.76,0,0.4,0.88,46.7,0.76,1.5,0.26,8.9,0,0.76,3.96,18.5,189,1.99,8.6,40.4,1.48,46.7,0.65,7.2,9.1,1,0,1.92,53,78.13,1.1,43.5,0.44,-0.36,0.79,20,0.7,0.1,95,46.4,1.1,79.8522,4.6196,-0.3453,-0.4083,-0.1077,-0.1027,0.682,0.3918,0.2543,-0.1356,-0.274,-0.2999,-0.2445,0.2291,0.0531,0.31,-0.0765,-0.0274,-0.0478,0.0132,-0.0411,0.0408,-0.1462,0.0631,0.1215,0.0194,-0.0564,-0.0931,0.1015,-0.1427,-0.1547,0.0263,0.1297,-0.1849,-0.1378,-0.0029,-0.0472,0.0296,-0.1243,-0.1924,-0.0519,-0.1565,0.5434,-0.0539,0.1602,-0.3742,-0.095,-0.3188,0.0811,-0.2429,-0.3296,0.2561,0.3011,0.141,-0.3023
dimethylformamide,-0.254659,-0.181137,-0.099403,-0.09291598,-0.08726,-0.21612401,-0.20009601,-0.096228,-0.064794,-0.06472,-0.1754435,-0.15452,-0.13454601,-0.11790849,-0.0820615,0.64,0.25,0.35,37.6,26.2,6.5,17,51,0.69,0,0.5,0.88,36.7,0.65,1.35,0.2,8.5,0,0.69,3.82,-60.5,153,0.9,7.1,37.2,1.43,36.7,0.69,6.4,9.07,1,0,1.87,41.3,73.09,0.94,37.1,0.39,-0.31,0.69,20,0.8,2.7,58,37.5,0.5,75.3822,8.6196,-0.2502,-0.5128,-0.0139,-0.0536,0.9781,0.5935,0.2294,-0.2239,-0.6424,-0.6884,-0.5106,0.5567,0.3102,0.8526,-0.1075,0.071,-0.4622,0.8568,-0.1792,-0.0253,0.3153,-0.1773,-0.1539,0.302,-0.3902,0.2593,-0.4564,0.2871,0.1676,0.3157,-0.3274,-0.0923,-0.1771,0.0091,0.2183,0.1734,0.1861,-0.1426,-0.0125,-0.0456,-0.0083,-0.0571,0.247,0.5251,0.1288,0.3117,0.1606,0.1311,0.141,0.022,0.1702,-0.01,0.1026
nitromethane,-0.27706403,-0.27645397,-0.200883,-0.074040994,-0.067295,-0.448937,-0.21953401,-0.09213801,-0.07489,-0.062483996,-0.3630005,-0.24799399,-0.14651051,-0.0710925,-0.063645504,0.38,0.2,0.28,27,18.5,5,11,47.5,0.24,0.17,0.61,0.87,36,0.65,1.3,0.26,5.1,0,0.95,3.46,-29.2,101.2,0.93,6.2,24,1.42,35.9,0.56,5.8,11.2,1,0.7,1.7,35.9,61.04,1.14,37,0.35,-0.32,0.6,0.1,0.5,192,35,5.1,0.74,67.0804,33.0192,0.6682,-0.3854,-0.5255,0.6712,0.4185,0.2647,-0.5144,-1.2112,-0.3089,-0.6239,0.0183,-0.2274,-0.0415,-0.1011,0.2321,0.1112,-0.0275,0.0454,0.1971,0.2101,-1.0099,0.2328,1.0433,-0.2639,-0.4325,-0.2392,0.0009,0.1966,-0.0462,-0.2123,-0.2788,-0.0333,-0.1343,-0.0181,0.102,0.0164,-0.0343,-0.0614,0.1873,-0.0433,0.1081,-0.0373,0.1022,0.007,0.0007,-0.2639,-0.0063,-0.2678,-0.1142,0.2065,0.0913,-0.0263,0.0032
methyl-2-pyrrolidinone,-0.269054,-0.14803201,-0.12906,-0.082881,-0.06478,-0.222501,-0.190791,-0.075418994,-0.070539996,-0.059175998,-0.1476855,-0.125613,-0.1065845,-0.0998,-0.084467,0.64,0.21,0.31,37,26,8.2,18,50.5,0.75,0,0.55,0.77,32.2,0.65,1.35,0.2,9,0,0.77,4.09,-24,202,1,6.4,32.3,1.47,32.2,0.67,6.7,8.95,1,0,1.81,53.4,99.13,1.03,40.7,0.4,-0.24,0.71,10,0.8,0.6,98,32.7,-0.42,101.1053,4.5077,-0.2677,-1.7889,-0.1598,0.5188,0.2658,1.7394,0.7397,0.6133,-0.8916,1.0637,0.7611,-0.0525,-0.3167,-0.4238,-0.1905,-0.0216,0.2889,0.1377,-0.1063,0.0041,-0.1392,-0.1574,0.0528,0.3424,0.1364,-0.0355,0.5623,0.0635,-0.1498,0.2379,-0.8411,0.0052,-0.2128,-0.3023,-0.2178,-0.2028,0.001,0.1177,0.3214,0.2568,-0.1304,-0.6964,-0.994,0.2449,-0.1452,-0.6505,0.4783,0.678,-0.1677,0.2335,0.0636,-0.0046,0.0177
hexafluoroisopropanol,-0.643453,-0.12699401,-0.051222004,-0.046824,-0.025429001,-0.35322702,-0.097188994,-0.066188,-0.065763995,-0.064210996,-0.370321,-0.24011052,-0.0489,-0.047319002,-0.0458085,0.67,0.36,0.35,26,18,3,7,49,0,0,0,0.93,16.7,0.4,1,0.47,8.7,0.63,1.01,1.9,-4.8,59,1.5,8.3,49.4,1.3,16.7,0.65,6.3,12,1,0,2.6,39.5,168.04,1.62,23.6,0.35,0.95,0.36,0.1,0.5,0.1,67,20.2,-0.71,169.1332,-6.4271,-0.3801,0.1057,2.0507,-0.6728,0.7294,-0.499,0.3505,-0.1318,0.5914,0.4947,-0.0163,-0.1827,-0.1766,0.0383,-0.2845,-1.1233,0.027,0.0673,0.699,-0.044,-0.0151,-0.1028,-0.0114,-0.183,-0.1842,-0.2812,-0.0701,-0.0402,-0.345,-0.2569,-0.1835,-0.1029,-0.1941,-0.1951,0.2398,0.2469,0.2616,0.1804,0.6248,0.2495,-0.1689,-0.0037,0.2444,0.1026,0.1551,0.1229,-0.9499,0.2894,0.1733,0.3641,-0.2571,0.2991,-0.3454
dibutylether,-0.148325,-0.130952,-0.129308,-0.073878996,-0.071405,-0.274533,-0.079859994,-0.077849,-0.07508,-0.053996995,-0.140249,-0.1044005,-0.0794325,-0.069926,-0.050396997,0.2,0.12,0.21,18,17.5,2,8,49,0,0.47,0.45,-0.21,3,0.45,0.9,0,12.2,0,0.53,1.15,-98,142,0.92,5.9,30.1,1.42,3.1,0.24,3.1,9.96,0,1,2.25,33.8,130.23,0.77,20.7,0.27,-0.48,0.13,0.1,0.8,2.42,29,3.63,2.94,130.0952,-11.3989,-1.3542,1.238,-0.6496,0.2147,-0.8379,0.5484,-0.9131,-0.1419,-0.3705,-0.5721,0.1589,-0.112,-0.8434,0.0246,0.2167,-0.8997,-0.1909,0.0422,-0.1555,0.1739,0.0443,-0.1555,-0.1924,-0.3444,0.3042,-0.1776,-0.1648,0.249,-0.0675,-0.0675,-0.0108,0.0463,-0.2432,-0.1389,0.1134,0.0661,0.2031,0.1613,-0.4241,0.1056,-0.1561,0.1321,-0.0012,-0.0038,-0.161,0.0197,0.2381,-0.0682,0.093,-0.0331,0.2681,-0.1821,0.132
ethyllactate,-0.17814201,-0.145703,-0.132272,-0.095669,-0.061038,-0.349662,-0.10755,-0.087733,-0.073744,-0.066265,-0.1927945,-0.142846,-0.087249495,-0.080984004,-0.067391,0.27,0.17,0.22,20,18.5,4,9,49.5,0,0.42,0.56,0.27,6.04,0.5,1,0.1,10.9,0.1,0.2,1.82,-26,154,0.64,14.9,24.2,1.41,19.9,3.5,4.4,10.46,1,1,2.34,38.9,118.13,1.03,26.4,0.28,-0.36,0.44,0.4,0.7,3.5,46,52.6,0.03,124.0139,27.5213,-0.4666,1.1316,-0.5673,0.1228,0.4626,-0.4869,0.8719,0.2151,0.8859,0.1129,1.1648,-0.33,0.2839,0.6906,-0.636,-0.3642,0.0762,0.2157,0.2068,0.2278,0.0681,-0.1399,0.0402,-0.3301,0.1582,-0.225,0.1364,0.0734,0.6619,0.4769,0.2439,0.052,0.1085,-0.2194,-0.1251,-0.5123,0.1833,-0.2111,0.09,-0.4092,0.3842,0.0041,-0.0958,0.0036,0.176,0.2422,0.3009,0.0624,0.3228,0.251,0.0839,-0.1607,-0.4447
ethanol,-0.61332405,-0.123551995,-0.08497,-0.051971,-0.044165,-0.37649402,-0.131025,-0.10788998,-0.099932,-0.075132005,-0.360607,-0.250023,-0.091498,-0.0720485,-0.062161,0.56,0.5,0.33,26,15.6,5.9,10.5,51,0.83,0.77,0.69,0.37,24.55,0.4,1,0.37,6,0.37,0.83,1.69,-114.1,78.37,1.2,5.2,16,1.36,24.55,0.37,5.2,10.48,1,0.7,2.44,38.6,46.07,0.79,22.3,0.29,0.69,0.2,1.3,1,59.3,13,20.2,-0.31,48.6952,12.795,-0.1739,1.2007,0.3067,0.1508,-0.6764,0.4658,0.234,0.3353,-0.0257,0.2099,-0.3155,0.1511,0.3915,0.0979,-0.138,0.3712,0.1017,-0.0173,0.0978,-0.0733,0.0024,0.0348,0.1241,0.0738,-0.2259,-0.1105,0.0534,-0.0059,-0.0975,-0.1136,-0.1018,-0.1693,0.0929,0.2244,0.0361,0.0088,-0.0311,-0.1023,0.1398,0.077,0.1244,0.1357,0.0376,0.005,0.1531,-0.078,0.1513,0.0362,0.0403,-0.077,0.0494,0.1561,-0.0193
dimethylacetamide,-0.231587,-0.15272,-0.090266995,-0.080776006,-0.077477,-0.20520699,-0.19804,-0.07287799,-0.067766994,-0.065905005,-0.149677,-0.1278505,-0.114891,-0.109312505,-0.076827,0.63,0.21,0.31,37,25.5,6,18,50,0.69,0,0.57,0.8,37.8,0.65,1.35,0.2,9.5,0,0.7,3.7,-20,165.1,0.95,6.5,34,1.43,37.8,0.68,6.4,9.13,1,0,2.09,54.8,87.12,0.94,32.8,0.38,-0.27,0.75,20,0.7,0.6,70,37.5,0.56,89.2415,6.4228,-0.4684,-0.078,-0.0352,0.357,1.4916,-0.0552,0.1578,0.7961,-0.3218,-0.2344,-0.7161,0.8112,0.3294,0.5016,0.3126,0.1518,-0.1815,0.0803,0.1933,-0.7277,-0.2358,0.1729,-0.0768,0.009,0.1252,-0.1418,-0.0765,0.3619,0.1791,0.0254,-0.1884,-0.1758,0.112,0.0959,0.0765,-0.1028,-0.0076,0.2109,-0.3371,0.1645,-0.3239,0.1269,-0.0392,0.3829,-0.227,0.2514,0.0303,-0.0666,0.1197,0.102,0.0091,-0.3071,0.0701
acetonitrile,-0.409845,-0.158667,-0.157662,-0.099745005,-0.087005995,-0.399576,-0.278785,-0.098486,-0.097723,-0.064354,-0.24966049,-0.2370995,-0.218726,-0.12769249,-0.092746,0.43,0.16,0.18,20,16.5,6.2,9.1,46,0.44,0.19,0.32,0.66,36.6,0.65,1.35,0.19,4,0.07,0.37,3.92,-45.7,81.6,0.36,7.1,17.5,1.34,36.6,0.43,5.8,12.2,1,0,1.76,31.3,41.05,0.79,28.9,0.41,-0.26,0.31,1.5,0.7,97.4,2,35.7,-0.31,44.2976,17.009,0.4524,0.0967,-0.3399,0.7009,-0.0922,0.1947,-0.1839,-1.1194,-0.3342,-0.508,-0.0283,-0.1006,0.1376,-0.1472,0.2356,0.0187,0.8844,-0.5473,0.5773,-0.5558,0.6089,0.1402,-0.2905,0.3752,-0.0505,-0.1492,-0.0069,-0.0745,0.0064,-0.0262,-0.1357,-0.012,-0.1424,0.0468,0.0471,-0.0028,-0.2038,0.0074,-0.0046,0.149,-0.1103,-0.1286,-0.0261,0.0605,0.3386,-0.1496,-0.1965,-0.2852,-0.1248,0.3248,0.2596,-0.0761,-0.1269
1-3-Dimethyl-2-imidazolidinone,-0.276053,-0.164123,-0.079546005,-0.063521996,-0.060117,-0.14784801,-0.14784,-0.069314,-0.058197,-0.058195002,-0.167124,-0.108391,-0.0885705,-0.086848006,-0.05884,0.4,0.37,0.29,9.4,19,1.5,8.9,46,0.4,0.7,0.09,0.48,6,0.4,0.5,0.15,28,0.4,0.4,3.2,20,200,1.24,4.75,43.12,1.482,10,0.5,0.85,8,0.7,0,1.56,36.5,116.18,1.05,32,0.85,1.05,0.65,3,0.1,0.15,97,35.61,-0.26,116.4358,5.3525,-0.2311,-1.6264,-0.0166,0.0876,0.6456,1.9006,0.7985,0.4538,-0.7829,0.842,0.5198,0.0604,-0.1932,-0.2587,-0.1863,-0.2174,0.5275,-0.3682,-0.1373,0.3119,-0.2012,0.1552,0.1855,-0.0594,0.0896,-0.0858,-0.4342,-0.2743,0.3442,-0.0367,0.0749,-0.0146,0.3135,0.096,-0.222,0.4422,-0.0263,-0.0238,-0.3334,-0.139,-0.1468,0.2849,0.5784,-0.1837,0.1769,0.2806,-0.2643,-0.1603,0.2737,-0.1072,0.0319,0.0134,0.0544
1-butanol,-0.617633,-0.12008199,-0.090354994,-0.047582,-0.041586,-0.3355,-0.114837006,-0.097921014,-0.094147,-0.064761996,-0.357777,-0.227791,-0.0812095,-0.067866504,-0.0637365,0.58,0.43,0.29,23.6,16.1,6.5,12,52,0.79,0.88,0.64,0.29,17.51,0.4,1,0.31,8,0.37,0.84,1.66,-89.8,117.7,0.97,5.8,24.3,1.4,17.51,0.47,3.9,10.57,0.2,1,2.53,43.2,74.12,0.81,24.6,0.29,0.6,0.21,1,1,0.5,35,20.2,1.52,76.4061,8.3577,-0.4591,1.6687,0.4655,0.5557,-1.007,1.0209,-0.361,0.4569,0.1331,-0.2142,-0.6392,0.3584,-0.3461,-0.4493,-0.4245,0.0116,-0.1583,0.1334,0.1921,0.0885,-0.2885,0.412,-0.1805,0.2736,0.0724,-0.0267,0.0178,0.1265,0.0854,0.2016,0.0928,-0.051,0.1104,-0.0479,-0.0283,0.1167,-0.0025,-0.0162,0.0781,-0.203,0.1495,-0.0824,-0.0069,-0.0338,-0.0434,0.0091,-0.0531,-0.0599,0.0416,0.0555,-0.0473,-0.0108,-0.0529
1-octanol,-0.537354,-0.119228005,-0.105193,-0.054622002,-0.045979,-0.316617,-0.111908995,-0.08873899,-0.088047005,-0.055005997,-0.31304651,-0.21792251,-0.0832655,-0.068349004,-0.067013,0.52,0.4,0.25,23.6,18.1,4.5,10.8,52.5,0.78,0.79,0.61,0.26,10.3,0.4,1,0.31,11.1,0.37,0.76,1.63,-15.5,195.5,1.65,5.6,30.5,1.44,10.3,0.44,4.9,10.35,0,0.7,2.51,52.5,130.23,0.83,27.5,0.28,0.6,0.19,0.01,0.8,0.6,64,20.2,2.57,131.824,-0.521,-0.6489,1.7918,0.7452,0.8854,-0.9729,1.076,-0.6666,0.2107,0.248,-0.437,-0.6021,0.2847,-0.5593,-0.6451,-0.4901,0.0155,-0.2461,0.188,0.3453,0.1772,-0.473,0.5285,-0.3894,0.3824,0.1772,-0.0487,0.0159,0.046,0.0845,0.1019,0.2279,0.0754,0.066,0.0335,-0.0279,0.1009,-0.183,0.0485,0.1153,-0.1928,0.0853,-0.1154,-0.1051,-0.0197,0.0944,0.0602,-0.0564,0.1523,0.0664,0.0298,-0.124,-0.0213,-0.2639
1-propanol,-0.61730397,-0.12135202,-0.090703,-0.046497002,-0.041405,-0.342682,-0.122826,-0.099932015,-0.09760401,-0.065984,-0.35861802,-0.23201701,-0.0846615,-0.0695045,-0.0643335,0.56,0.43,0.27,23.4,16.6,5.9,12.1,51,0.78,0.85,0.65,0.31,20.1,0.4,1,0.33,7,0.37,0.78,1.68,-126.9,97.2,0.87,5.7,19.4,1.38,20.33,0.42,4,10.12,1,0.7,2.58,41.3,60.1,0.8,23,0.28,0.65,0.19,1.2,0.9,9.5,26,20.2,0.76,62.5506,10.5791,-0.3102,1.4303,0.4195,0.2795,-0.8519,0.7014,0.0136,0.4492,0.0219,0.0307,-0.4594,0.2125,0.1206,-0.1709,-0.1329,0.282,-0.0572,-0.0314,0.1043,-0.0478,-0.1021,0.2471,0.1049,0.3121,-0.1401,0.0482,0.0331,0.0602,0.0138,0.1442,-0.0245,-0.101,0.2064,0.093,-0.039,-0.0398,0.065,-0.2013,0.2195,-0.1004,0.1025,-0.0683,0.0294,-0.049,0.0176,0.01,-0.1516,-0.0533,-0.1338,0.0858,-0.03,0.1895,0.0764
aceticacid,-0.277204,-0.17618099,-0.15629801,-0.104953006,-0.09018999,-0.44657898,-0.138116,-0.12313202,-0.076142,-0.058444005,-0.3014385,-0.167265,-0.1496565,-0.114153,-0.0905475,0.65,0.35,0.24,26,17.5,6.7,12.6,49.5,0.59,0.63,0.61,0.55,6.2,0.56,1.1,0.43,5,0.6,0.45,1.74,16.6,118.1,1.2,7.3,35.7,1.37,6.15,0.51,6.2,10.6,1,0.2,2.09,23.7,60.05,1.05,27.1,0.33,0.75,0.45,5,0.5,17,39,37.3,0.21,65.1872,27.4078,0.7915,0.4319,0.2211,1.154,0.7895,-0.2182,-0.2444,0.1353,-0.3277,0.1778,-0.3272,0.395,0.119,0.1161,0.4431,-0.1131,0.142,-0.2028,-0.2291,0.0729,-0.1021,0.1091,-0.0774,0.1192,0.4487,0.1152,0.3289,-0.1166,0.0387,-0.3466,0.0972,0.2113,0.194,0.1701,-0.0325,-0.3639,-0.1592,0.1174,-0.1175,-0.0525,0.1214,-0.1384,0.2572,-0.0068,-0.1045,-0.0945,-0.0168,0.0414,-0.0633,-0.1377,0.0016,0.183,0.1521
aniline,-0.13119401,-0.13119401,-0.126555,-0.126555,-0.064479,-0.18205501,-0.130594,-0.088735,-0.088735,-0.082257,-0.107645,-0.107645,-0.1067795,-0.097513996,-0.094504006,0.27,0.16,0.25,21.4,19.1,8,10,52,0.26,0.46,0.68,0.32,7.2,0.6,1.1,0.31,8.6,0.26,0.59,1.58,-6.3,184.1,1.12,7,30.5,1.59,6.89,0.42,5.1,7.72,0.2,1,1.59,47.1,93.13,1.02,42.3,0.33,0.18,0.51,1.5,0.7,0.9,6,11.9,1.01,96.0865,10.9687,2.7166,0.0438,0.0278,-0.0176,-0.4721,-0.0801,-0.3676,-0.2072,-0.0563,-0.1292,0.1449,0.0248,-0.162,-0.0296,0.062,-0.0365,0.0936,0.1409,-0.3263,0.1127,0.3576,0.2105,-0.2525,-0.1734,0.2136,0.1059,0.1584,-0.0405,0.171,-0.0136,0.0803,0.237,0.3586,0.3752,-0.147,-0.1413,-0.2782,0.1662,-0.4069,0.5827,-0.3732,0.1898,-0.4178,-0.2965,0.9694,0.3184,-0.0156,-0.2126,-0.5303,0.4114,-0.2303,-0.0385,0.1149
butylacetate,-0.298626,-0.137257,-0.094169,-0.09395,-0.07316899,-0.384002,-0.09931798,-0.0993,-0.069425,-0.052969,-0.2285855,-0.174297,-0.09663399,-0.081797,-0.0720775,0.21,0.14,0.2,19.4,18.6,5,8.5,48.5,0,0.45,0.58,0.21,5.01,0.5,1,0.1,9.3,0.03,0.45,1.82,-74.2,126.1,0.85,6.2,25.9,1.39,5.01,0.45,4,10.03,0.2,1,2.24,31.3,116.16,0.88,24.6,0.22,-0.41,0.39,0.4,0.8,10.2,24,21.1,1.62,118.8892,7.7712,-1.214,1.3973,-1.3045,0.7969,0.5738,0.0907,-1.3011,1.0444,0.2728,-0.1131,-0.1643,0.2637,-0.8948,-0.4707,-0.1755,-0.6203,0.1389,-0.1265,-0.644,-0.1468,0.5677,-0.3395,0.0809,-0.5939,-0.2213,0.0665,0.0417,0.0491,0.2292,0.3765,-0.0985,0.0538,-0.1604,-0.4216,0.0421,0.1606,0.2494,-0.0932,0.0108,0.2747,-0.0967,0.1574,0.1886,-0.0013,-0.2254,-0.0988,-0.0989,-0.1016,-0.0501,0.0201,0.1047,0.0248,0.1466
carbontetrachloride,-0.23252,-0.23234299,-0.232243,-0.23208502,-0.070807,-0.248046,-0.24743,-0.246905,-0.246379,-0.011238992,-0.24006552,-0.2398365,-0.2397125,-0.23936099,-0.041022997,0.18,0,0.09,9.5,18.6,0,3.3,45,0,0,0.28,-0.24,2.24,0.3,0.6,0,10.4,0,0,0,-22.9,76.7,0.89,6.9,35.1,1.46,2.24,-0.18,1.6,11.47,0,1,0.86,29.8,153.82,1.59,26.8,0.05,-0.55,-0.07,0.01,0.5,13.1,-19,0,2.7,151.9133,-24.2617,-0.7793,-0.1872,1.2488,-0.3919,0.8036,-0.0221,-0.3662,-0.3888,0.1976,-0.0842,-0.0093,-0.3559,0.0724,-0.1072,0.0777,0.3646,0.1174,-0.2893,-0.1976,0.3809,0.0042,0.0087,-0.1428,-0.0525,0.1165,-0.1282,0.0951,0.153,0.1802,-0.0823,-0.0688,-0.0734,-0.1993,-0.0002,0.0213,-0.051,0.0661,-0.0834,0.0924,-0.0686,0.1107,0.0283,-0.0114,-0.0798,0.1935,-0.0804,0.0964,-0.1379,-0.1172,0.0711,-0.0538,-0.0616,0.0351
cumene,-0.142712,-0.13121802,-0.0987,-0.08972001,-0.073332,-0.154698,-0.12411,-0.084831,-0.082429,-0.074953,-0.114015,-0.112570494,-0.10802451,-0.087527,-0.0831095,0.28,0.21,0.18,9.2,18.5,0.1,7.6,40.5,0.35,0.5,0.15,0.55,2.4,0.1,0.4,0.05,18,0.1,0.1,0,-96,152,0.87,4.8,33.64,1.496,2.5,0.1,0.2,9.7,0,1,1.34,31.5,120.19,0.804,27,0.8,1,0.6,3,1,4.5,31,0,3.66,118.7324,-19.0267,1.8265,0.44,-0.423,0.4791,-0.082,-0.1782,1.104,-0.1337,0.4094,-0.1675,0.3568,0.3247,-0.8749,0.2998,0.4909,0.0995,0.0281,0.2237,-0.3573,-0.0555,0.1081,0.3719,0.0005,-0.1122,0.2688,0.4839,-0.0781,0.2854,-0.251,0.1835,-0.27,-0.4637,0.7269,0.0524,-0.0387,0.306,0.1522,0.4212,0.2472,0.2589,0.2832,-0.0281,0.1966,-0.2508,0.1918,-0.0132,0.237,-0.1002,-0.3922,0.1193,-0.0041,0.1093,0.0727
cyclobutanol,-0.54338896,-0.113469005,-0.088014,-0.088013,-0.027261995,-0.292629,-0.086785,-0.084321,-0.08432,-0.08188199,-0.315087,-0.203049,-0.0654735,-0.065473005,-0.055791497,0.52,0.34,0.3,9,18,2.1,9.1,46.5,0.36,0.58,0.13,0.47,14,0.4,0.3,0.1,17,0.3,0.3,1.5,-5,101,0.93,4.7,26.18,1.422,6,0.15,0.4,9.4,0.2,0,1.84,36,74.12,0.849,28,0.65,0.85,0.45,5,1.1,15,33,20.23,0.67,74.4049,8.6651,-0.2,-0.6211,1.1363,0.77,-1.0935,-1.0348,-0.2417,0.5633,-0.8005,0.1958,0.3725,-0.0002,0.1127,0.1572,-0.3938,0.0529,-0.1236,-0.1556,-0.0981,-0.279,-0.0088,0.223,-0.1872,-0.5355,-0.0208,0.0668,-0.538,0.2363,-0.1388,-0.0939,-0.1618,-0.0043,-0.0387,-0.1852,-0.3755,0.0941,-0.3536,0.0438,-0.0017,-0.2126,0.1368,0.0198,-0.0909,0.006,-0.0783,-0.2337,0.0358,-0.1846,0.1703,0.2007,-0.0156,0.071,0.0744
cyclohexanone,-0.20226601,-0.19904199,-0.090591,-0.09059,-0.044983,-0.340909,-0.11038701,-0.065432,-0.065432,-0.051832,-0.27158752,-0.15471451,-0.0712115,-0.071211,-0.0552075,0.4,0.25,0.3,9.1,19.1,2.7,8.8,47,0.39,0.62,0.15,0.5,18,0.4,0.4,0.2,24,0.3,0.1,2.9,-1.5,156,0.94,5,34.7,1.446,18,0.3,0.7,8.8,0.7,1,1.82,32,98.15,0.947,29,0.8,1,0.6,5,0.8,4.8,44,17.07,0.86,99.6281,1.3967,-0.0004,-1.3884,0.0386,0.8413,-0.1273,0.3295,-0.4265,0.1608,-0.0114,0.3606,0.7548,-0.6043,-0.2756,-0.4018,0.157,0.4116,-0.7597,0.6436,0.1752,-0.5532,0.1258,-0.3688,-0.1531,0.4856,0.036,-0.4434,0.9228,-0.4689,-0.0461,-0.1051,-0.2906,-0.1385,-0.0363,0.057,-0.0492,-0.1914,-0.1971,0.0189,0.2358,0.3409,0.4773,0.607,0.1718,-0.1776,-0.3756,0.6554,-0.0391,-0.1329,-0.0631,-0.2329,0.5772,-0.0821,0.0041
cyclopentanol,-0.54497504,-0.096985996,-0.085841,-0.076266,-0.046815,-0.300787,-0.087071,-0.068182,-0.06794301,-0.062784,-0.316023,-0.1988865,-0.0602435,-0.050591,-0.0431415,0.5,0.35,0.28,9,18.3,2.4,9.3,47.5,0.38,0.6,0.14,0.49,18,0.4,0.3,0.15,18,0.3,0.3,1.5,-60,130,1.12,4.85,27.51,1.437,7.5,0.2,0.5,9.3,0.7,0,2.26,37.5,86.14,0.81,29,0.7,0.9,0.5,5,1,5.24,53,20.23,1.21,88.2597,6.4449,-0.2695,-0.6487,1.2661,0.9339,-1.1853,-1.2155,-0.3375,0.5311,-0.9944,0.1768,0.5244,-0.006,0.0697,0.1959,-0.4916,0.1087,-0.2266,-0.2365,-0.0664,-0.3498,-0.0067,0.2534,-0.191,-0.5804,-0.066,0.1402,-0.6985,0.1992,-0.0686,-0.1812,-0.1885,0.0565,-0.0538,-0.0798,-0.2847,0.0808,-0.2421,-0.0126,-0.0575,-0.2004,0.2367,-0.0304,-0.0944,0.0151,-0.0644,-0.1712,0.0212,-0.104,0.0148,0.1595,-0.0157,0.0593,-0.0018
dichloroethane,-0.341389,-0.341379,-0.074884005,-0.07488301,-0.041865,-0.374147,-0.37409002,-0.042181,-0.042177,-0.041853,-0.357768,-0.3577345,-0.0585325,-0.058530003,-0.041859,0.19,0.11,0.15,10.9,17,2.1,6,47,0.1,0.2,0.5,0.3,10.36,0.55,1.1,0.1,8.8,0,0.1,1.8,-35.7,83.5,0.94,6.2,25.5,1.44,10.36,0.36,3.5,11.04,0,1,1.26,33.3,98.96,1.25,33.8,0.24,-0.53,0.18,0.01,0.5,20.3,35,0,1.87,97.7315,-15.5929,-0.6772,0.1808,0.7271,-0.3988,0.2659,0.3127,-0.2551,0.0602,0.2352,-0.2871,0.2351,-0.2173,0.0112,0.1844,-0.0114,0.7123,0.2584,-0.1402,-0.0695,0.326,0.1671,-0.4343,0.2082,-0.1475,-0.0349,0.1454,0.0575,0.0365,0.1217,-0.1825,0.0051,-0.0463,0.0681,0.2839,-0.0356,-0.2832,-0.2648,0.1334,-0.3268,-0.1515,-0.0883,-0.1633,-0.0685,0.1673,-0.3261,-0.1596,-0.2178,-0.1443,0.2988,-0.1393,0.2273,0.1448,-0.0504
diethyleneglycol,-0.253403,-0.253001,-0.069846004,-0.069813,-0.066458,-0.337618,-0.08461301,-0.084597,-0.083049,-0.08303,-0.202038,-0.13465199,-0.13445,-0.047751002,-0.047746,0.56,0.4,0.3,29.2,18.4,8,14.5,52,0.85,0.81,0.65,0.75,31.7,0.3,1.2,0.32,8.5,0.42,1.1,2.56,-10.45,245.5,1.2,7,33.2,1.44,32.2,0.57,5.6,10.37,1,0,2.51,48.7,106.12,1.12,47.4,0.31,0.84,0.24,10,0.5,0.05,154,40.1,-1.68,112.6306,32.5501,-0.1591,0.7658,0.8908,-1.7884,-1.0252,0.0215,-0.1598,0.5275,-0.4847,-0.3531,0.1366,-0.3526,-0.1118,-0.4841,0.7749,-0.242,-0.3849,-0.2082,-0.2743,0.0302,0.1057,0.2499,-0.0525,0.2516,0.0182,-0.0446,0.0539,0.1269,0.1427,0.2423,0.0298,0.0576,0.1366,-0.0331,-0.0038,-0.1139,0.1944,-0.0713,-0.2175,-0.0328,-0.275,0.0151,-0.1034,-0.0028,-0.2818,0.2745,0.0094,-0.0763,-0.0355,0.0093,-0.001,0.188,-0.2101
diethylether,-0.136122,-0.136097,-0.135981,-0.13598,-0.0727,-0.312092,-0.088814996,-0.088809,-0.088806,-0.088801004,-0.1744665,-0.1124655,-0.112449005,-0.112398,-0.112393,0.18,0.12,0.11,15.2,16,2.8,7.5,47.5,0,0.47,0.45,-0.17,4.34,0.45,0.9,0,7.4,0,0.47,1.15,-116.3,34.6,0.24,5.4,22.7,1.35,4.33,0.23,2.8,10.16,0.2,1,2.37,26,74.12,0.71,17,0.28,-0.48,0.12,0.1,0.8,440,-45,20.2,1.75,74.675,-2.5195,-0.9093,0.9692,-0.9393,-0.3966,-0.4423,0.3303,-0.0926,-0.1832,-0.1965,0.1161,0.6266,-0.2415,0.4233,0.7349,0.2552,-0.2266,0.0123,0.0316,0.0002,0.1098,-0.1783,0.1365,-0.2364,0.2346,-0.2194,-0.0327,0.0612,0.0197,0.0515,-0.231,-0.0393,0.0022,0.0626,0.1567,0.1055,-0.0384,-0.0801,0.146,0.0817,-0.0771,0.1276,0.1349,-0.067,0.0836,0.0549,-0.3696,-0.0483,-0.0605,0.0239,-0.1568,-0.1128,-0.0847,0.1951
diglyme,-0.290046,-0.102322,-0.088349,-0.084984995,-0.051939994,-0.16283,-0.136776,-0.06336799,-0.058502004,-0.057723,-0.1660715,-0.0849285,-0.072732,-0.065997,-0.064878,0.56,0.32,0.31,31.6,19,6.5,14.5,51,0,0.4,0.43,0.65,7.2,0.5,1,0,10.3,0,0.66,1.94,-64.5,162,1,7.2,40.8,1.42,7.2,0.56,4.6,10,1,1,2.19,45.3,134.17,0.95,31.5,0.29,-0.43,0.5,10,0.5,0.1,98,41.2,1.64,136.8839,6.3717,-1.3178,0.1377,-1.0032,-2.0324,-0.368,-0.0769,0.1681,-0.3154,-0.8223,-0.5703,0.0921,-0.0502,-0.434,-0.2199,0.6065,-0.0911,-0.1453,-0.0042,0.1689,-0.1491,0.292,-0.5588,0.4153,-0.5762,0.678,0.0945,-0.0967,-0.2809,-0.4491,-0.292,-0.0661,-0.0279,-0.237,-0.0816,-0.079,-0.1238,-0.2172,0.2055,-0.0928,-0.0194,0.0622,-0.1828,0.076,-0.015,0.2502,0.1763,0.1943,0.1781,0.2141,0.0095,0.0311,-0.2261,0.0721
dimethoxybenzene,-0.14117101,-0.14117101,-0.08350899,-0.08350899,-0.074685,-0.10894801,-0.10894801,-0.087257996,-0.087257,-0.082807,-0.0976655,-0.0976655,-0.096228495,-0.096228495,-0.0809715,0.46,0.28,0.35,9,19.3,3.5,9.5,47,0.37,0.55,0.08,0.5,11,0.5,0.5,0.2,23,0.3,0.3,1.3,-10,174,1.01,4.9,32.56,1.53,8.5,0.3,0.7,8.7,0.7,0,1.54,40.4,138.16,1.034,34,0.75,0.95,0.55,5,0.7,1.08,64,18.46,1.69,139.3864,-3.5142,1.1676,-0.1065,-1.3611,-0.906,-0.2871,-0.4397,0.3075,-0.1796,-0.4845,0.045,-0.2428,0.294,-0.3839,-0.4961,-0.3739,0.5175,-0.08,0.319,0.1974,0.0818,0.1147,-0.1078,-0.3176,-0.0048,-0.432,-0.9637,-0.0633,-0.0859,0.0069,0.0205,0.0418,-0.2386,-0.0287,0.2594,0.1142,0.0122,-0.1916,-0.0864,0.1023,0.2797,0.487,0.993,-0.0492,0.1123,0.2764,-0.2233,0.2064,0.2864,0.43,-0.0505,0.038,0.5532,-0.2242
ethyleneglycol,-0.613706,-0.11465499,-0.071560994,-0.051669,-0.042503,-0.24703398,-0.15547201,-0.097014,-0.090766996,-0.08132599,-0.3349445,-0.1350635,-0.1301105,-0.0842875,-0.0664975,0.56,0.42,0.3,29.4,18.8,8.5,14.5,51,0.9,0.89,0.67,0.78,37.7,0.3,1.2,0.32,6.8,0.43,1.1,2.28,-12.9,197.3,1.12,6.5,28.8,1.43,37.7,0.48,6,11.08,1,0,2.42,52.2,62.07,1.11,47.7,0.35,0.92,0.19,10,0.5,0.4,111,40.1,-0.43,67.6673,30.3133,0.3729,0.6932,1.3211,-0.6406,-0.8052,0.2012,0.0405,0.4394,0.0282,-0.0527,-0.262,-0.0899,0.192,-0.3607,-0.0374,0.3674,-0.047,-0.0266,-0.0138,0.0084,0.0282,0.1499,0.1212,0.2343,-0.1528,0.0798,0.0708,0.019,0.1936,0.1279,0.1468,0.0771,0.1681,0.1201,-0.085,0.0371,-0.0631,-0.0519,-0.0946,0.0114,-0.0583,-0.0251,-0.0858,-0.0706,-0.1104,0.0512,-0.0202,0.0685,-0.0322,-0.0548,-0.0661,0.1186,-0.0155
formamide,-0.337803,-0.24012601,-0.153591,-0.13910499,-0.067745,-0.524262,-0.14617899,-0.123937994,-0.104563,-0.051311,-0.382194,-0.241991,-0.1387645,-0.121833995,-0.059528,0.67,0.24,0.38,36.6,26,6,19,51.5,0.71,0.44,0.71,0.9,109,0.6,1.5,0.42,5,0,0.71,3.73,2.55,210,1.5,7,37.1,1.43,111,0.71,6.5,10.17,1,0,2.2,51.6,45.04,1.13,58.2,0.43,0.09,0.82,5,0.6,0.3,82,37.5,-0.78,51.2533,35.4829,1.0619,-0.3665,0.7667,0.3632,0.5111,0.3979,-0.5739,-0.7126,-0.472,-0.5417,0.0805,-0.181,0.1518,0.232,-0.0906,-0.3115,-0.1768,0.644,-0.5167,0.6753,0.587,-0.3136,-0.1742,0.3381,-0.2747,0.4705,-0.1405,-0.0755,0.0324,0.0362,0.0113,0.1533,0.1041,0.255,-0.1949,0.0357,-0.1105,0.0775,-0.0348,-0.0904,0.1345,0.3759,-0.3038,0.0861,0.2102,0.2637,0.0496,0.1168,0.3004,0.2856,-0.3652,-0.1145,0.0393
formicacid,-0.385253,-0.22981599,-0.188497,-0.132247,-0.064568,-0.46762902,-0.179081,-0.151725,-0.137555,-0.06400402,-0.3487225,-0.282167,-0.163026,-0.141986,-0.06428601,0.71,0.45,0.31,27,17.8,7,14.5,51.5,0.87,0.69,0.64,0.68,58.5,0.4,1,0.43,5,0.6,0.45,1.41,8.4,100.8,1.27,7.2,29.5,1.37,58.5,0.63,5.1,11.74,1,0,1.77,25.9,46.03,1.22,37.4,0.44,0.77,0.45,2,0.5,44.8,69,20.2,0.44,51.3244,29.6172,0.796,0.0155,0.7755,0.6665,0.4846,0.1017,-0.4974,-0.135,-0.3437,-0.2365,-0.0166,-0.1194,0.1111,-0.0235,0.0075,-0.0761,-0.2434,0.4812,-0.5049,0.5352,0.5328,-0.1469,-0.2086,0.242,-0.3605,0.1735,-0.2218,-0.0187,-0.1281,-0.0013,-0.2646,0.0514,-0.144,-0.3411,-0.182,-0.1109,0.1649,-0.0008,0.3102,0.1825,-0.0714,-0.0312,-0.1401,0.3109,0.0381,0.0623,0.0373,0.3772,0.2106,0.0472,-0.0451,0.1698,0.2169
hexachloroacetone,-0.203397,-0.174349,-0.12960601,-0.12957801,-0.082041,-0.180777,-0.153222,-0.153187,-0.116479,-0.116457,-0.19208701,-0.1230315,-0.1230285,-0.117618,-0.117614,0.25,0.31,0.27,9.8,20.1,0,4.5,52,0.6,0.95,0.11,0.53,10,0.5,0.5,0.1,35,0.1,0.1,0,25,199,1.5,5.9,56.6,1.6,5,0.1,0.2,9.5,0,1,1.24,38.1,252.3,1.65,25,1.1,1.3,0.9,0.5,0.7,1.05,62,0,2.98,264.1506,-24.8068,-1.2465,-0.4703,1.7848,-0.4625,2.0448,-0.3047,-0.7324,0.1673,0.3796,-0.246,0.0002,-0.2993,0.1321,-0.0804,0.0914,0.6719,0.1326,-0.6184,-0.0869,0.4365,-0.1208,0.2864,-0.3501,0.0338,0.5279,-0.3506,0.1473,0.1245,-0.0779,-0.0381,-0.0117,0.0304,-0.3286,-0.347,-0.1335,0.0196,0.3762,-0.3958,0.0521,-0.2563,0.3256,0.2495,0.1195,-0.3105,0.221,0.1968,0.5372,0.2446,-0.1749,0.2623,-0.5054,-0.1208,0.292
hexamethylphosphoramide,-0.18199399,-0.18024,-0.108279005,-0.10535,-0.055596996,-0.136579,-0.136572,-0.048489004,-0.043541,-0.043445006,-0.1127195,-0.1118905,-0.075495504,-0.075477,-0.0754475,0.68,0.33,0.37,38,25,6,17,52,0.86,0,0.74,0.92,29.5,0.65,1.4,0.2,14.6,0,1.07,2.57,7.2,232,1.5,8.4,47,1.43,29.5,0.69,7.5,8.84,1,0,1.48,55.5,179.23,1.03,30.3,0.43,-0.23,0.81,20,0.6,0.4,106,45.6,-0.72,181.1834,-1.7015,-0.6888,-0.8485,0.7277,-0.5517,1.4462,0.7762,0.1695,-0.2568,-0.6106,-1.0767,-0.5034,0.5268,0.1633,0.8601,0.0714,0.1412,-0.3131,0.4259,0.4051,-0.7027,-0.0327,-0.059,0.156,-0.5042,0.2153,0.1316,-0.2341,-0.3011,0.7643,0.1956,0.501,0.1343,0.187,-0.205,-0.1259,0.2323,-0.2647,0.187,0.6522,0.063,0.054,0.1156,-0.5488,-0.5379,-0.076,-0.3567,-0.3146,0.1997,-0.5473,-0.6465,-0.1114,-0.1731,-0.2718
isopropanol,-0.60936,-0.113857985,-0.064961,-0.064923,-0.025142998,-0.357315,-0.10175401,-0.070558,-0.070551,-0.069024995,-0.35555702,-0.2355865,-0.050999,-0.050986998,-0.047850497,0.56,0.5,0.3,23.3,16.7,6.3,10,52,0.76,0.84,0.7,0.29,18.3,0.4,1,0.33,7.5,0.37,0.76,1.66,-89.5,82.5,0.89,6,23.4,1.38,19.92,0.48,4.3,10.15,1,0.7,2.6,39.9,60.1,0.79,23.3,0.28,0.63,0.18,1,0.9,33.6,12,20.2,0.05,62.5463,10.5721,0.0846,0.65,0.6337,0.4522,-0.0515,-0.3346,1.247,-0.2137,0.3502,0.0053,0.1566,0.229,-0.431,0.1918,0.0366,-0.2058,0.0832,-0.0256,-0.0081,-0.098,-0.1867,-0.1502,-0.2479,-0.1525,-0.0015,-0.3476,-0.0688,-0.0304,-0.0981,-0.0373,-0.0855,-0.0704,-0.1496,-0.1166,0.0415,-0.1326,0.1014,-0.1077,0.2546,0.0499,-0.0217,-0.0848,0.142,0.1088,0.1164,-0.0031,-0.1183,-0.0225,0.0575,0.0913,0.01,-0.1112,-0.013
methanol,-0.587919,-0.157628,-0.09317,-0.068067,-0.068061,-0.469966,-0.123644,-0.121748015,-0.113612,-0.113607,-0.35483348,-0.313797,-0.108407006,-0.090837,-0.0908365,0.57,0.53,0.25,23.4,15.1,5.4,12,50,0.98,0.93,0.66,0.5,32.63,0.38,1.1,0.44,4.4,0.43,0.93,1.7,-97.6,64.7,0.59,6,20.5,1.33,32.7,0.37,5.1,10.85,1,0.7,2.51,35.3,32.04,0.79,22.5,0.34,0.76,0.18,2,1.3,127,12,20.2,-0.77,34.8351,14.9997,0.1511,0.3881,0.3164,0.176,-0.1655,-0.0599,0.4612,0.1044,-0.2719,0.0312,-0.3879,0.2536,0.2274,-0.0591,-0.0381,-0.0597,0.0435,-0.1464,-0.0997,-0.0048,-0.1207,0.0751,-0.2089,-0.0537,0.0945,-0.152,-0.0141,-0.0311,-0.1474,-0.0787,-0.1062,-0.0394,-0.0777,0.1077,-0.1111,-0.0563,-0.02,-0.1291,0.2151,0.2136,0.0095,-0.0707,0.1056,0.0802,0.1205,-0.1826,-0.0604,-0.0671,0.0618,-0.0704,0.1054,-0.0779,-0.1146
methylethylketone,-0.238097,-0.22841,-0.081802,-0.079409,-0.073655,-0.370151,-0.11700001,-0.084085,-0.070419,-0.055864,-0.2992805,-0.1775485,-0.073272504,-0.068833,-0.067008,0.19,0.11,0.12,20.5,17.2,7.4,9.6,47,0.08,0.42,0.49,0.43,18.5,0.5,1.15,0.08,7.3,0.06,0.48,2.76,-86.3,79.6,0.52,5.9,24.8,1.41,18.5,0.47,4.7,9.5,1,0.7,2.42,31.3,72.11,0.81,24,0.29,-0.35,0.41,0.4,0.7,182,-9,20.2,0.29,73.9204,5.5525,-0.5771,0.921,-0.5623,0.9634,0.6598,0.1006,-0.3092,0.6389,0.1672,0.2434,-0.203,0.2584,0.3401,0.26,0.2055,0.3694,0.1477,-0.2138,0.0279,-0.2238,-0.1349,-0.0753,0.1664,0.0028,-0.0987,0.1055,0.166,-0.1877,-0.5499,-0.4558,-0.162,-0.1392,0.2553,0.4248,-0.0355,-0.3132,-0.1326,0.1099,-0.2477,-0.2489,0.1361,0.0518,0.1104,-0.0192,0.0389,0.1235,0.051,0.6168,0.0211,0.1783,-0.3104,-0.1429,0.0264
methylformamide,-0.3283,-0.21868202,-0.157062,-0.110369004,-0.052293994,-0.27509302,-0.242089,-0.10667299,-0.078682005,-0.068850994,-0.2468875,-0.2174865,-0.176229,-0.104892,-0.065487996,0.65,0.25,0.32,36.5,26,7,17,51,0.75,0,0.55,0.81,182,0.65,1.5,0.42,7.5,0,0.73,3.73,-3,180,0.88,7.1,31.8,1.43,182,0.75,6.5,10.3,1,0,2.2,50.1,59.07,1,44.7,0.42,-0.23,0.82,20,0.7,0.6,71,37.5,-0.54,62.9122,19.512,0.2662,-0.1865,0.3655,0.1921,0.5678,0.4955,0.2586,-0.426,-0.6366,-0.3926,-0.3403,0.25,0.2795,0.4482,-0.2579,-0.1122,-0.332,0.7507,-0.5795,0.9111,0.6618,-0.1601,-0.2568,0.4943,-0.4034,0.096,-0.4072,-0.2734,-0.6489,-0.1222,-0.1767,-0.1923,-0.3482,-0.1308,-0.0632,0.016,-0.1711,-0.2519,0.0017,-0.1588,-0.0473,-0.2918,0.4699,-0.6318,-0.28,-0.0537,0.0851,-0.2564,-0.2391,-0.2626,0.0228,-0.1709,-0.2583
methyltetrahydropyran,-0.270301,-0.171068,-0.171033,-0.047604,-0.039362002,-0.279791,-0.076061,-0.076061,-0.060432,-0.060432,-0.147202,-0.1458075,-0.1235645,-0.123547,-0.049722,0.31,0.12,0.21,19.5,17.5,6,11,52,0,0.47,0.49,0.32,7.4,0.48,0.98,0.08,8.3,0,0.5,1.32,-126,106.2,0.82,6.1,27.4,1.42,6.5,0.46,4,9.3,0.2,1,2.2,33,100.16,0.87,24.7,0.26,-0.49,0.28,0.1,0.6,16.8,14,9.23,1.42,100.3866,-6.6363,-0.9773,-1.2135,-0.0828,0.6446,-1.1908,-0.4901,0.1306,-0.2877,0.4633,-0.3282,-0.489,1.1486,0.5639,0.3664,0.4172,-0.4446,0.3572,-0.3231,-0.1899,0.6774,0.1632,-0.0394,0.6585,0.325,0.1688,-0.482,-0.3426,-0.327,0.2818,-0.0618,-0.0023,-0.1227,0.2091,0.0434,0.0224,0.1974,0.5791,-0.1018,-0.3716,0.5967,0.3378,-0.3008,-0.4464,-0.4114,-0.1728,-0.1912,-0.0603,-0.0417,0.594,0.1448,-0.2001,0.0268,0.0633
nitrobenzene,-0.18406199,-0.184061,-0.131871,-0.083604,-0.065613,-0.180354,-0.139166,-0.097609,-0.097598,-0.068259,-0.131979,-0.120032996,-0.120026,-0.0907795,-0.077663496,0.18,0,0.15,20,18.3,2.1,6.3,45,0.23,0.23,0.74,0.92,34.8,0.65,1.3,0.26,9.3,0.11,0.9,4.22,5.7,210.9,1.2,6.5,24.5,1.57,35.7,0.67,4.2,10.6,0.2,1,1.41,52.3,123.11,1.2,43,0.37,-0.33,0.65,0.01,0.5,1.2,89,3.1,2.21,128.3963,23.1515,2.9238,-0.5129,-0.7121,0.3971,0.1847,-0.0322,-1.3425,-0.9159,0.0096,-0.4821,0.3804,-0.3418,-0.3504,-0.1494,0.3398,0.3994,-0.1099,0.1972,0.1611,0.3172,-1.3963,0.239,1.3349,-0.5167,-0.3883,-0.2378,-0.1132,0.3273,-0.0088,0.01,-0.3814,0.2293,-0.0273,-0.1385,0.1224,0.0468,0.1002,-0.3632,0.177,-0.0312,-0.2287,-0.0677,0.0979,0.0439,-0.1045,0.2271,-0.0274,0.0545,0.0527,-0.1331,-0.1595,0.0295,0.0375
phenol,-0.13525301,-0.13383399,-0.13148999,-0.12917799,-0.067946,-0.156772,-0.128117,-0.113873005,-0.096112,-0.092292,-0.113800995,-0.112359,-0.110735,-0.10559,-0.102649994,0.59,0.26,0.31,9.2,18.8,2.6,10.1,49,0.42,0.65,0.12,0.45,9.6,0.5,0.3,0.3,22,0.4,0.3,1.7,40.7,182,1.45,5.3,28.84,1.546,9.2,0.35,0.8,8.9,0.7,0,1.76,76.3,94.11,1.07,37,0.9,1.1,0.7,10,0.5,0.35,79,40.46,1.48,96.1519,5.1261,2.388,0.3147,0.1386,-0.0807,-0.4576,-0.3695,-0.2704,0.5211,0.0361,0.2955,-0.0587,0.2086,-0.0116,-0.0176,0.0691,0.2068,-0.0141,-0.0126,-0.2114,0.0526,-0.1348,0.1453,-0.4373,-0.1635,0.2393,-0.2358,-0.0904,-0.084,-0.1293,-0.034,0.019,0.2161,-0.1018,-0.2254,-0.0434,-0.101,0.0824,-0.0448,0.1757,0.3491,-0.2859,-0.0871,-0.0389,0.102,0.3897,0.0104,-0.3142,0.2373,0.231,-0.7686,-0.0028,-0.0341,0.3981
propyleneglycol,-0.533655,-0.11545399,-0.080318004,-0.067388,-0.050256,-0.28222498,-0.142091,-0.09122,-0.090246,-0.080221,-0.290009,-0.148692,-0.1287725,-0.079303995,-0.0652385,0.59,0.43,0.31,24.8,17.2,6,13,51,0.84,0.79,0.67,0.79,32,0.3,1.2,0.32,7.5,0.52,1.3,2.3,-59,188.2,1,6,28.3,1.43,32,0.56,4.3,10.2,1,0,2.43,50.2,76.09,1.04,36.5,0.3,0.81,0.18,10,0.5,0.2,104,40.4,-0.59,81.5292,28.1118,0.27,1.0878,1.2413,-0.1172,-0.6749,0.0392,1.4207,-0.0533,0.4953,0.0201,0.0921,0.169,-0.3492,0.2248,-0.1149,0.0765,0.2157,0.0525,-0.0152,-0.1261,-0.0487,-0.4779,0.0787,-0.2444,-0.2693,-0.2988,0.1546,-0.0624,0.1488,-0.0443,-0.0123,-0.0974,-0.165,0.1926,0.2445,0.1285,-0.0624,-0.0641,-0.0974,0.1067,-0.1054,-0.0561,0.1849,0.1303,-0.2027,-0.0971,0.2445,-0.0041,-0.1072,-0.036,-0.0957,-0.4497,0.1093
pyridine,-0.166219,-0.154403,-0.10785499,-0.107848,-0.09274,-0.15376,-0.153757,-0.151604,-0.151601,-0.06671201,-0.13080749,-0.1308025,-0.122172,-0.1221705,-0.1128415,0.23,0,0.23,18.6,17.1,9.1,10.4,51,0,0.64,0.67,0.57,12.4,0.65,1.2,0.16,8.2,0,0.62,2.19,-41.6,115.2,0.92,6.4,30.3,1.49,12.4,0.64,5.3,9.26,1,1,1.7,35,79.1,0.98,36.2,0.3,-0.29,0.7,2,0.9,16.4,-23,25.8,0.74,80.1613,0.2518,1.2621,-0.0998,-0.2271,-0.3394,-0.0567,-0.2941,-0.3704,-0.1754,0.0359,-0.3973,0.0018,0.1271,0.283,-0.1613,-0.3607,-0.3445,0.0092,-0.4258,-0.316,-0.1118,-0.7567,-0.9668,-0.3564,0.2473,0.7536,0.9064,0.0522,0.0717,-0.1903,0.3106,-0.0336,0.139,0.1952,0.9143,-0.6332,0.394,0.1054,-0.674,0.4843,0.4138,-0.0091,0.2122,0.1666,0.3459,-0.2076,-0.3148,0.0603,-0.0275,0.2564,-0.033,-0.0488,-0.3687,-0.4665
sulfolane,-0.265111,-0.190725,-0.18032101,-0.072429,-0.064412,-0.17318201,-0.173173,-0.10621101,-0.077693,-0.077690005,-0.155682,-0.113839,-0.1078375,-0.097306006,-0.09357551,0.45,0.36,0.77,26.3,17.4,4.9,9.4,50.3,0.33,0.31,0.24,0.53,47.6,0.34,3.5,0.45,11,0.16,0.66,3.88,27.5,285,0.9,0.7,33.5,1.45,47.6,0.56,6.7,9,1,0,2.4,62.5,130.21,1.12,41,0.25,0.38,0.22,30,0.3,0,165,65.5,-1.49,124.0533,14.8637,-0.2651,-1.3945,0.3732,-0.1091,0.3247,0.0557,-0.5905,-0.3572,-0.2148,-0.19,0.6948,0.0665,0.1567,-0.2282,-0.2374,0.1471,-0.1101,0.3648,-0.1089,-0.4061,-0.2524,0.0775,-0.0481,-0.3295,-0.2784,0.4417,0.8319,-0.0102,-0.7719,0.6826,1.6069,-1.1795,-0.0246,-0.2374,0.1134,0.1925,-0.0044,-0.1572,-0.4065,0.0766,0.1435,-0.3047,-0.0544,0.2706,0.0969,-0.2018,-0.1421,-0.0841,0.2781,0.177,-0.1076,0.0856,0.2819
trichloroethanol,-0.281914,-0.268201,-0.259535,-0.08432801,-0.025247999,-0.267671,-0.166045,-0.15674701,-0.100025,-0.080055,-0.217123,-0.208141,-0.19096951,-0.1443755,-0.0575315,0.2,0.15,0.09,9.1,17.8,3,8.5,48,0.86,0.74,0.7,0.61,16,0.4,1.2,0.47,6,0.45,0.85,2.22,-2,144.6,0.92,7.2,30.7,1.46,21.3,0.52,6.1,11.8,1,0,1.2,41.3,147.4,1.44,25.6,0.28,0.91,0.23,0.01,0.5,0.7,76,20.2,0.78,150.7371,-3.4975,-0.5558,0.5582,1.864,-0.7202,0.1953,0.0978,-0.3119,0.2292,0.3387,0.2104,-0.2889,-0.4103,0.3395,-0.3282,0.0508,0.8464,0.1676,-0.4141,-0.2067,0.361,0.1778,-0.0955,0.2522,-0.0144,-0.1215,0.0756,0.1742,0.2859,0.3354,-0.114,-0.1925,-0.2017,-0.2817,0.0523,0.0832,0.2026,0.1383,0.0319,0.0952,0.1503,0.1912,0.0969,0.0614,0.0792,0.4733,-0.3185,0.5725,-0.4833,-0.0657,-0.228,0.1223,-0.2978,-0.0023
trifluoroaceticacid,-0.266053,-0.25482497,-0.13832399,-0.085355,-0.072703,-0.42808503,-0.13449901,-0.12952399,-0.071089,-0.062511,-0.34145498,-0.200276,-0.13392399,-0.073933,-0.0663945,1.6,0.34,0.98,16.4,15.6,8.4,11,50.7,0.125,0.45,1.15,0.99,8.3,0.836,1.77,1.68,9.32,0,1,1.65,-15,72,0.689,6.01,8.82,1.296,8.4,-0.3,4.2,8.2,1,0.2,1.52,49.1,114.02,1.56,42.4,1,1.1,0.9,0.75,1.35,30,15,61.5,0.51,118.479,18.9018,0.7365,0.0774,1.3769,0.2915,1.1594,-0.3872,-0.8269,-0.1325,0.1016,0.7431,-0.2563,-0.0421,0.1512,0.0584,0.0938,-0.8991,-0.1272,-0.0878,0.4631,0.1509,0.0952,0.1759,0.2609,0.2302,0.6102,0.4101,0.3009,0.0116,-0.108,-0.4575,0.0103,0.1305,0.1616,-0.0236,0.0821,-0.1796,0.1377,0.4253,-0.126,-0.0549,0.1468,0.0785,0.0131,-0.0516,0.0262,-0.1699,0.012,0.0303,-0.0202,-0.2707,0.3448,0.6247,0.245
trifluoroethanol,-0.641659,-0.13363601,-0.063002005,-0.051499,-0.047431,-0.391888,-0.110718995,-0.102791995,-0.096078,-0.06658,-0.376189,-0.262762,-0.082897,-0.0737885,-0.048899,0.62,0.32,0.3,25.5,18,7,12,49.5,0.86,0.74,0.7,0.89,26.7,0.4,1.2,0.47,5.5,0.54,0.91,1.56,-44.5,74.1,0.95,8,35.5,1.35,26.7,0.48,6.6,12.6,1,0,2.2,35.4,100.04,1.38,24.1,0.35,1.02,0.41,0.1,0.6,0.4,26,23.5,-0.49,101.9858,4.2877,-0.1886,0.6356,1.5471,-0.6826,-0.0427,0.0088,-0.2312,0.2603,0.3104,0.7611,-0.5041,-0.2633,0.3528,-0.2883,-0.0845,-0.2958,-0.0973,-0.1005,0.5735,-0.0869,0.2068,-0.0203,0.6545,0.2856,-0.3848,0.4052,0.0288,0.1285,-0.0526,-0.2313,-0.2059,-0.2023,-0.0843,0.0622,0.1092,0.314,0.0718,0.4198,0.0797,0.1661,0.2116,0.0539,0.0576,0.1282,0.4211,-0.1888,0.3718,-0.2544,0.2385,-0.3263,0.2771,-0.2055,-0.1285
trifluoromethoxybenzene,-0.136651,-0.134292,-0.13288599,-0.119321,-0.068604,-0.163864,-0.122862995,-0.095896006,-0.092162,-0.07549,-0.116234004,-0.1144065,-0.114391,-0.102915004,-0.096613005,0.22,0.34,0.41,9.3,18,0,4,48,0.5,0.8,0.1,0.6,10,0.6,0.4,0.2,30,0.3,0.1,2.1,-25,153,1.02,5.7,36.34,1.446,5,0.2,0.5,9,0,1,1.39,25.9,168.06,1.315,30,1,1.2,0.8,0.5,1.2,2.78,46,9.23,2.79,161.5751,-16.4682,1.6071,-0.0805,-0.2053,-1.098,0.2559,-0.6117,-0.6348,-0.0927,0.0811,1.0943,-0.2481,0.1016,-0.3325,-0.0792,-0.0654,-0.9854,-0.2276,0.2292,0.7189,-0.0448,0.1367,-0.0538,0.1319,0.4479,-0.3428,0.2251,-0.1897,0.7445,0.7987,-0.4988,0.0304,-1.1436,-0.2239,-0.0681,-0.5846,-0.3971,-0.207,-0.16,-0.2759,0.0008,-0.3806,-0.2397,-0.0464,-0.1601,-0.2953,0.2171,0.018,0.0677,-0.2409,0.0574,-0.0815,-0.3774,-0.0123
water,-0.37804198,-0.37804198,-0.24413502,-0.37804198,-0.37804198,-0.675286,-0.16235101,-0.16235101,-0.675286,-0.16235101,-0.4597105,-0.2701965,-0.2701965,-0.4597105,-0.2701965,0.82,0.54,0.44,47.8,15.5,9.1,19.3,53,1,1,1,1,78.5,0.1,2,0.47,3.1,1.17,0.47,1.85,0,100,0.89,6.4,18.1,1.33,80.1,0.47,9,12.6,1,0,4.18,40.7,18.02,1,72.8,0.45,1.16,0.47,1000,2.3,23.8,100,0,-0.67,22.731,28.2167,0.9622,-0.2032,0.4731,0.4234,0.2659,0.3404,-0.5101,-0.7654,-0.4189,-0.4317,0.1799,-0.1707,0.1072,0.0164,0.1293,-0.1559,0.5415,-0.098,0.1963,-0.1184,0.3331,-0.009,0.0818,0.1251,-0.048,-0.0025,0.0954,0.0801,0.2192,-0.026,0.1881,0.0794,0.2073,-0.121,-0.0716,0.008,0.0581,0.3914,-0.024,-0.1852,0.0889,0.1793,-0.1789,0.0564,-0.0204,-0.1976,-0.1284,-0.1682,0.0741,0.0229,-0.0438,0.002,-0.038
dimethoxyethane,-0.193427,-0.169011,-0.133057,-0.13168299,-0.082581,-0.193378,-0.123794995,-0.078832,-0.062823996,-0.060613997,-0.116592996,-0.1159175,-0.1029175,-0.0860345,-0.0848915,0.26,0.54,0.45,19.5,15.5,5.8,9.2,37.1,0,0.38,0.55,0.68,7.2,0.53,0.32,0.16,10.8,0,0.8,1.78,-69.5,85.3,0.455,0.33,14.49,1.376,7.2,0.49,3.8,10.02,0.2,1,1.45,22.4,90.12,0.865,20.3,0.177,0.449,0.013,1,0.51,75,-15,0,0.26,91.9238,4.1444,-0.9909,0.308,-0.9167,-1.2433,-0.2511,-0.1009,0.2924,-0.3069,-0.6626,-0.2005,-0.1841,0.1544,-0.4069,-0.3443,0.1489,0.2772,-0.0048,0.1427,0.2466,-0.0992,0.4887,-0.6826,0.6256,-0.5044,0.521,0.1899,-0.0651,-0.2449,-0.1114,-0.2625,0.103,0.101,-0.0981,-0.0996,-0.1521,-0.0732,-0.2834,0.1576,0.1741,-0.0258,0.1896,-0.3043,0.0808,0.0187,0.254,0.181,0.0536,0.1208,0.2203,0.0316,-0.0625,-0.0808,0.1769
glycerol,-0.590791,-0.10572201,-0.061895,-0.056702003,-0.05055701,-0.15019,-0.13691601,-0.12221599,-0.074644,-0.063651,-0.3183375,-0.113969,-0.081621006,-0.072611496,-0.0591835,0.38,0.35,0.5,29,17.4,12.1,29.3,50.7,1.52,1.48,0.52,1.08,42.5,0.49,1.21,0.58,11.7,0.23,1.17,2.56,18,290,1.412,0.52,20.57,1.473,42.5,0.66,4.4,10.2,1,0,2.43,76,92.09,1.26,63.4,0.905,0.891,0.86,3,0.07,0.001,160,120.3,-1.76,100.5022,45.6271,0.7564,0.6792,2.0257,-0.9019,-0.8003,-0.0656,0.6563,0.082,0.4765,0.0099,0.0967,-0.1436,-0.0659,-0.0077,-0.4175,-0.1366,0.2405,0.2005,-0.0228,0.0908,0.1288,-0.4123,-0.0544,-0.5422,-0.1014,-0.2984,0.317,-0.2659,0.2839,0.0507,0.0173,0.1162,-0.1691,0.4822,0.7094,0.4691,-0.3647,0.1335,-0.4938,0.1378,-0.3693,0.1081,-0.1333,-0.1017,-0.6302,-0.1815,0.1646,0.209,-0.3137,-0.0752,-0.1294,0.0578,0.266
methyltertbutylether,-0.143589,-0.143525,-0.104154006,-0.057763003,-0.057748,-0.296642,-0.081935,-0.081848994,-0.07379001,-0.050180998,-0.15588251,-0.0936155,-0.0936085,-0.06689,-0.060330003,0.15,0.46,0.47,16.8,14.7,4,2,33.9,0,0.43,0.47,0.58,2.6,0.18,0.05,0,10.3,0.01,0.83,1.13,-109,55.2,0.352,0.24,9.89,1.369,2.6,0.4,3.3,9.8,0.2,1,1.51,32.4,88.15,0.735,19.5,0.245,0.585,0.122,1.5,0.58,45,-5,0,0.66,88.5264,-4.7548,-0.6858,0.2919,-0.4807,-0.2566,0.1786,-0.4571,0.2254,-1.2998,-0.5363,0.8596,-0.5195,-0.1087,0.1149,-0.5623,-0.0175,0.0957,-0.1018,0.262,-0.3132,-0.0402,0.0548,0.1292,-0.1637,-0.0814,0.0901,-0.2192,0.1135,0.1354,0.1441,0.0613,0.392,0.1878,0.1909,-0.0766,0.0184,0.2272,0.1089,0.0694,0.0741,0.0389,0.031,-0.0852,0.0365,0.2236,-0.2375,-0.108,0.0094,-0.0705,0.0489,0.3767,0.021,-0.0085,0.0818
triethylamine,-0.16682701,-0.128906,-0.086633004,-0.083774,-0.071648,-0.269889,-0.074595995,-0.071789004,-0.043406,-0.040142,-0.137643,-0.095458,-0.0806145,-0.073166505,-0.0616565,0.21,0.57,0.53,22,15.1,3.1,2,33.8,0,0.83,0.21,0.63,2.4,0.42,0.34,0.03,11.7,0,1.07,0.67,-114.7,89.3,0.306,0.27,17.96,1.403,2.4,0.85,3.4,7.88,1,1,1.61,56,101.19,0.727,19.3,0.167,0.547,0.028,2,0.75,25,-10,0,2.31,100.4616,-12.6836,-1.0984,0.5378,-0.2691,-0.2668,-0.0837,0.6096,0.1528,0.031,0.155,-0.17,-0.1472,0.2653,0.3865,0.6826,-0.25,0.3482,0.0407,0.2609,0.2789,-0.5579,-0.1406,-0.2068,0.0467,-0.2989,-0.1812,0.0806,-0.0696,0.1486,-0.1656,-0.0362,-0.3863,-0.1917,0.0842,0.6031,0.0009,0.046,-0.1375,-0.489,-0.0883,0.2809,-0.344,-0.1941,0.0861,-0.31,0.2535,0.1612,0.2473,0.0882,-0.1006,0.0998,-0.1216,0.7248,0.4563
pentane,-0.098774,-0.098696,-0.074452996,-0.0744,-0.074396,-0.100498,-0.100477,-0.080836,-0.080833,-0.080827005,-0.099636,-0.0995865,-0.07764,-0.0776165,-0.0776105,0,0,0,15.6,14.4,0,0,31,0,0,0,0.01,1.8,0,0,0,8.9,0,0,0,-129.8,36.1,0.224,0.35,13.71,1.358,1.84,0,0,10.36,0,1,2.15,26,72.15,0.626,15.8,0.099,0.114,0.089,1,0.6,520,-49,0,3.39,71.2772,-11.4129,-0.7564,1.2299,-0.2933,1.0099,-0.573,0.9145,-0.607,-0.248,0.3211,-0.2823,-0.1444,0.4209,-0.2929,-0.0831,-0.3486,-0.2683,0.0767,0.2739,0.0536,0.1186,-0.085,-0.0513,-0.0255,-0.0983,0.1782,-0.1029,-0.0133,-0.1213,-0.0089,-0.1584,-0.0784,-0.0794,-0.0143,-0.0397,-0.051,0.0315,-0.0254,0.1399,-0.1292,-0.0525,0.0596,-0.0151,-0.0424,0.1054,-0.0087,-0.0608,0.0873,-0.1639,0.048,-0.0731,-0.1232,-0.082,0.1017
heptane,-0.081428,-0.081407994,-0.072809,-0.072765,-0.072744995,-0.069425,-0.06942,-0.065812,-0.065809995,-0.065804,-0.075426504,-0.075414,-0.0693065,-0.0692875,-0.0692775,0,0,0,15.2,15.3,0,0,30.9,0,0,0,0,1.92,0,0,0,13.2,0,0,0,-90.6,98.4,0.294,0.31,20.66,1.387,1.92,0,0,10.18,0,1,2.1,31,100.21,0.684,15.6,0.119,0.149,0.09,1,0.52,38,-4,0,4.66,98.986,-15.8523,-0.8352,1.3641,-0.1487,1.1971,-0.5164,1.0137,-0.7649,-0.3461,0.2725,-0.3851,-0.1916,0.1908,-0.5605,-0.1579,-0.4891,-0.2144,-0.0516,0.2621,0.2425,0.1461,-0.2526,0.0566,-0.2803,-0.095,0.2093,-0.0074,0.0147,-0.0416,-0.0517,-0.1679,0.0828,0.0387,-0.0868,0.0548,0.007,-0.0085,-0.1933,0.1784,-0.0855,-0.0549,0.0181,-0.0193,-0.0465,0.0058,0.1094,-0.0079,0.0955,0.0993,0.0876,-0.0549,-0.0247,-0.0774,-0.1218
methylcyclohexane,-0.190578,-0.141468,-0.141389,-0.053280003,-0.053222,-0.0815,-0.060043,-0.057777,-0.057775997,-0.056145,-0.112145,-0.0877395,-0.0877,-0.0601605,-0.053322,0,0,0,15.5,16,0,2,31.2,0,0,0,0,2.02,0,0,0,10.8,0,0,0,-126.7,101.6,0.412,0.33,25.18,1.423,2.02,0,0.1,9.83,0,1,1.84,31.2,98.16,0.8,15,0.128,0.146,0.117,1,0.54,65,-4,0,3.1,96.9906,-15.5241,-0.8213,-0.6738,0.3326,1.5672,-1.0664,-0.7024,-0.0309,-0.2509,-0.8629,-0.0438,0.1949,0.3595,-0.0012,0.5098,0.0556,-0.0159,-0.3082,-0.4513,0.1096,0.1776,0.1144,-0.1669,0.5097,0.4235,0.0053,-0.1774,0.2483,-0.5134,0.257,0.0656,0.0142,-0.2774,0.0784,0.2617,0.3701,-0.1292,0.5047,-0.0796,-0.0455,0.7443,0.1475,-0.1372,-0.1069,-0.4726,-0.2217,0.1736,-0.0364,-0.0033,0.2783,0.0412,-0.0601,-0.1647,-0.0304
methylacetate,-0.376487,-0.123762,-0.119299,-0.088865995,-0.068644,-0.419318,-0.10785401,-0.107622996,-0.076132,-0.058767002,-0.254092,-0.217627,-0.1135765,-0.099947,-0.080586,0.21,0.51,0.47,19.2,15.5,7.2,7.6,38.1,0,0.45,0.6,0.68,6.7,0.55,0.27,0.17,9.1,0.01,0.83,1.68,-98,56.9,0.383,0.3,10.27,1.361,6.7,0.47,4.1,10,0.2,1,1.74,30.7,74.06,0.931,25.4,0.246,0.556,0.091,1,0.78,36,-4,20.6,0.41,77.319,14.4195,-0.5572,0.2164,-1.125,0.1915,1.045,-0.9195,0.0434,0.4564,-0.3679,0.2781,-0.3934,0.448,-0.2565,-0.5093,0.0846,0.2869,-0.0126,-0.0608,-0.0255,0.196,0.1182,-0.015,-0.1334,0.2379,-0.0714,-0.0989,0.027,-0.1425,-0.3581,-0.3366,0.0239,0.1101,0.0183,0.1491,0.1492,0.2057,-0.069,0.0709,-0.0617,-0.1354,-0.078,0.0281,0.1095,-0.1114,-0.2112,-0.2633,-0.1523,-0.1185,-0.1519,0.0228,-0.2118,-0.16,-0.1441
2-5-dimethylisosorbide,-0.187373,-0.18576401,-0.13593,-0.059739,-0.050571,-0.102534,-0.09770399,-0.078637004,-0.071362,-0.044776,-0.11304949,-0.1091875,-0.084637,-0.057837997,-0.053104497,0.31,0.23,0.39,20.6,15.8,7.2,10.4,49,0.56,0.42,0.45,0.68,2.73,0.702,0.411,0.275,5,0.5,0.8,0,32,174,0.15,3,27.5,1.47,4.9,0.2,0.8,7.1,1,0,1.7,45,174.19,1.2,35,1,0.65,0.35,0.12,1,0.03,146,58.22,-0.42,177.8557,9.2481,-1.5534,-1.7793,-0.8522,-1.9291,-0.5503,-0.8616,0.5527,-0.3093,-0.1378,-0.3696,-0.9011,0.2735,-0.4714,0.1016,-1.3329,0.0977,1.303,0.2105,-0.02,0.1736,-0.6114,0.6442,-0.4549,-0.0968,-0.516,0.9283,0.9205,0.0429,-0.065,0.1283,-0.7178,0.41,0.0053,-0.3804,-0.126,-0.4891,0.0419,0.1935,-0.2016,0.2402,0.2246,0.0623,-0.0331,-0.2864,-0.1565,0.392,-0.2641,-0.2608,0.1663,-0.1804,-0.1119,-0.0814,0.0712
2-6-lutidine,-0.170036,-0.13407199,-0.087129,-0.087129,-0.082216,-0.140698,-0.140698,-0.107034996,-0.107034996,-0.055772997,-0.1139135,-0.1139135,-0.1129045,-0.093141496,-0.093141496,0.44,0.29,0.16,22.1,16.3,4.6,9.2,36.9,0.48,0.37,0.44,0.58,4,0.726,0.47,0.315,9,0.3,0.6,1.9,46,175,1.5,6,29.8,1.45,7,0.6,0.6,7.5,1,1,1.7,35.5,107.16,0.917,30.8,0.82,0.6,0.22,0.015,1.2,2.37,49,12.89,1.61,107.8778,-4.1858,1.4001,-0.0241,-0.8198,0.0858,-0.1578,0.0778,0.5728,0.0299,-0.1135,-0.6875,-0.1631,-0.2202,0.7318,-0.5163,-0.5737,-0.1855,-0.2128,-0.3563,-0.0938,-0.1815,-0.2174,-0.2799,0.0048,-0.071,-0.1507,-0.3077,-0.0736,-0.1168,-0.0004,0.5229,0.1173,-0.0607,-1.12,0.9173,-0.8824,-0.1277,0.8892,1.2215,0.1303,-0.3529,0.0095,-0.1292,0.1578,-0.15,-0.1734,0.1591,-0.0315,-0.0603,-0.2497,-0.0043,-0.0509,0.3162,0.3242
2-methoxyethanol,-0.549309,-0.13716799,-0.06327799,-0.04017,-0.039897,-0.344849,-0.089716,-0.089472,-0.089127004,-0.086751,-0.282714,-0.2040635,-0.08031599,-0.0634605,-0.056253,0.48,0.36,0.27,23.2,16.3,9.3,13.6,52,0.49,0.36,0.43,0.58,6.3,0.732,0.481,0.35,8.5,0.3,0.6,1.7,-50,130,1,4,30,1.48,11.4,0.6,0.8,8,1,0,2.47,38.6,76.09,0.965,25.8,0.95,0.6,0.35,0.15,1.1,9.3,43,21.7,-0.68,79.803,17.2536,-0.582,1.0019,-0.04,-1.1881,-0.7873,-0.0423,0.4854,0.3411,-0.8437,-0.0491,-0.5449,0.2254,-0.3066,-0.7748,0.425,0.5104,-0.2982,0.004,0.2313,-0.0382,0.4594,-0.2188,0.6501,0.1459,0.4713,0.156,-0.0488,-0.1053,0.1157,0.0736,0.19,0.1783,0.1903,-0.1891,-0.1125,-0.1628,-0.0608,-0.027,0.4766,-0.2196,0.204,-0.3819,0.0368,0.0779,0.1022,0.326,-0.2403,-0.0146,0.122,0.1117,-0.2353,0.1827,0.0378
3-4-lutidine,-0.15226,-0.122885,-0.107094,-0.103108,-0.088064,-0.144714,-0.137625,-0.134574,-0.093707,-0.06815101,-0.12391099,-0.12083399,-0.11020551,-0.099204004,-0.090885505,0.37,0.25,0.18,23.2,16,4.5,8.9,36.4,0.47,0.36,0.43,0.56,4.5,0.705,0.453,0.329,9,0.3,0.6,1.9,29,175,1.5,6,29.8,1.45,7.5,0.6,0.6,7.5,1,1,1.7,35,107.16,0.97,31,0.83,0.6,0.23,0.01,1.1,2.37,45,12.89,1.33,107.8766,-4.1818,1.1505,-0.0562,-0.7598,0.1855,-0.0951,0.1281,0.7695,-0.0348,-0.1281,-1.1081,-0.2009,-0.5137,1.2297,-0.9547,-1.0146,-0.533,-0.5393,-0.9417,-0.3916,-0.3767,-0.6691,-1.4286,-0.273,0.4143,0.0571,0.1088,-0.0638,0.3766,0.0561,-0.5311,-0.1097,-0.1718,0.7801,-0.8616,0.5583,0.0634,-0.1287,0.0742,-0.1482,-0.0302,0.0427,-0.0069,-0.0075,-0.145,0.0137,0.0526,0.0731,-0.0141,-0.1469,-0.035,-0.0147,0.1451,0.1486
3-methyl-2-oxazolidinone,-0.24084699,-0.133818,-0.096206,-0.082058,-0.078483,-0.20340699,-0.148601,-0.07624,-0.071297005,-0.071241006,-0.15607199,-0.124358,-0.089743,-0.0820915,-0.0753825,0.4,0.36,0.27,27,15.6,7,10,48,0.53,0.4,0.45,0.6,3.8,0.685,0.42,0.325,7.5,0.6,0.7,2.5,31,142,1,4,32,1.48,12.1,0.6,0.8,7.4,1,0,1.9,40,101.12,1.1,32,1.19,0.8,0.39,0.5,1,0.04,124,42,-0.56,104.5123,13.3477,-0.227,-2.0747,-0.6926,0.2426,-0.088,1.6851,0.5974,0.1402,0.3895,0.8428,0.2056,0.4012,0.1016,-0.5771,0.3128,-0.111,0.2424,-0.5724,0.1532,0.4499,0.1297,0.1081,-0.2875,-0.4403,-0.0372,0.3814,-0.8793,0.8277,-0.3856,-0.2005,0.695,0.2322,-0.3403,0.3555,0.7056,-0.6041,0.085,-0.1269,0.3068,0.4545,0.5461,0.1084,-0.3446,0.3285,-0.375,0.533,0.0684,-0.2882,-0.3446,-0.2432,-0.3078,0.025,-0.0449
aceticanhydride,-0.15670699,-0.156396,-0.149508,-0.149321,-0.054919004,-0.22538501,-0.225065,-0.075168,-0.074361995,-0.074283004,-0.1908905,-0.19088599,-0.1118955,-0.1118415,-0.0650435,0.25,0.35,0.12,22,17.4,1,6.2,38.4,0.57,0.62,0.67,0.76,5.5,0.75,0.472,0.345,6,0.6,0.3,2.2,-26,139,0.8,4,27,1.42,6,0.7,0.7,8.7,1,0,1.83,45.7,102.09,1.08,27.8,0.98,0.62,0.36,1,1.3,4,49,34.14,-0.27,107.6677,26.8776,-0.3062,-0.0084,-1.0093,0.2493,1.0651,-0.7921,-0.3214,0.2768,-0.1296,-0.0161,-0.2581,0.2523,-0.1282,-0.4419,0.3518,-0.0058,0.1411,-0.4283,-0.2319,-0.1861,-0.2007,0.0825,-0.1991,0.0737,-0.4958,-0.0843,0.2146,-0.099,-0.0782,-0.3592,0.0614,-0.0155,0.0226,0.4092,-0.023,0.1209,-0.2972,0.2447,-0.2104,-0.0694,0.0724,-0.0285,-0.0806,-0.0467,0.0089,-0.1492,-0.0842,0.4498,0.0366,0.2034,-0.1301,-0.2999,-0.2056
benzonitrile,-0.154551,-0.127767,-0.102745,-0.095678,-0.088144995,-0.159094,-0.13840002,-0.13328399,-0.080985,-0.080983,-0.14647551,-0.1434305,-0.114481,-0.0831075,-0.0799995,0.3,0.35,0.12,22.7,16.5,0,3.5,47.1,0.34,0.44,0.39,0.54,3.7,0.656,0.439,0.333,7,0.2,0.6,3.5,5,191,0.9,5,24.8,1.49,25.5,0.9,0.9,8.5,0.2,1,1.68,39.7,103.12,1.008,37.5,0.92,0.61,0.31,2.3,1,0.44,76,23.79,1.56,105.606,7.1732,2.5351,-0.1642,-0.4164,0.0367,-0.1757,-0.0106,-0.8909,-0.5413,-0.0515,-0.3407,0.2407,-0.0505,-0.1567,-0.0562,0.2355,0.2516,1.1895,-0.6317,0.5719,-0.7176,0.8126,0.0169,-0.5397,0.2703,0.172,-0.1872,-0.1229,0.023,0.0597,0.5936,-0.1743,0.0178,-0.0972,-0.5553,-0.0156,0.3955,0.2775,-0.2878,-0.0112,-0.2481,-0.0699,-0.0762,0.3221,-0.1873,-0.3003,0.0522,0.228,0.2388,0.1896,-0.2186,-0.1763,-0.1741,0.1927
benzylalcohol,-0.13881901,-0.13821499,-0.109147996,-0.085285,-0.069849,-0.157689,-0.13114801,-0.085145,-0.081498995,-0.078261,-0.1334185,-0.11168,-0.110159,-0.1082165,-0.0714675,0.52,0.37,0.2,22.6,16.3,4.6,9.1,55,0.5,0.45,0.48,0.65,4,0.712,0.423,0.325,9,0.6,0.7,1.8,-15,205,2.1,4.5,32.6,1.54,15,0.7,0.8,8.5,1,0,1.51,51.8,108.14,1.045,39.8,1.06,0.67,0.39,0.015,1.1,0.13,101,20.23,1.1,110.0036,2.9482,2.1363,0.7562,0.3683,-0.5585,-0.8103,0.1185,-0.2326,0.9848,0.1628,0.4532,-0.1223,0.2832,0.1472,0.2666,0.0739,0.8396,0.1096,0.0255,-0.1392,-0.0436,-0.1046,-0.1782,0.1843,0.1603,-0.0263,0.3345,0.145,-0.1322,0.0514,-0.3441,0.4078,0.3432,-0.4321,-0.4501,0.0233,0.6008,0.1398,0.163,-0.0657,0.2788,-0.1433,-0.0058,0.0281,0.0798,-0.1702,0.3574,0.2859,0.0175,0.0457,0.332,0.1862,0.008,-0.4806
benzylethylether,-0.129724,-0.124596,-0.105917,-0.075342,-0.066941,-0.14236,-0.113359,-0.086014,-0.084851,-0.061351,-0.124138504,-0.107869,-0.1047235,-0.0943505,-0.061008498,0.35,0.3,0.15,22.5,15.7,1.2,1.5,38,0.45,0.32,0.4,0.56,3,0.623,0.341,0.312,11,0.2,0.3,0,-50,203,1,3.5,29.4,1.49,3.5,0.3,0.5,8.2,0,1,1.8,40,136.19,0.98,30,0.47,0.29,0.18,0.001,1.1,1.3,52,9.23,2.66,135.991,-12.3585,1.1745,1.0266,-1.4663,-0.7845,-0.7684,0.3818,-0.3056,0.3786,-0.2097,0.4959,0.7561,0.1381,0.4433,1.4118,0.3783,0.1064,0.1286,0.1404,-0.2646,0.1497,-0.4143,0.0527,-0.4439,0.3479,-0.1365,0.1372,0.2128,-0.1252,0.0358,-0.7098,0.3974,0.4112,-0.4372,-0.487,0.1847,0.4417,0.1237,0.3941,0.2696,0.0163,0.1519,0.2047,-0.1098,0.1746,0.0536,-0.401,-0.3034,-0.1273,0.1275,-0.0313,-0.1277,-0.0318,0.3688
cyclohexanol,-0.46866602,-0.104518004,-0.104512,-0.08069301,-0.027032,-0.231924,-0.07162599,-0.062647,-0.057325996,-0.057325996,-0.270146,-0.1563085,-0.068898,-0.068895,-0.039537,0.47,0.35,0.28,22.2,15.7,4.6,11.2,50.4,0.51,0.55,0.58,0.71,3.8,0.738,0.457,0.33,8,0.7,0.9,1,-8,161,1.7,3,28.5,1.46,2.7,0.4,0.5,8.5,0.2,1,2.3,50.1,100.16,0.962,35.8,0.91,0.55,0.36,0.1,1.1,0.28,67,20.23,1.4,102.1144,4.2248,-0.3274,-0.6792,1.3638,1.0651,-1.2266,-1.2896,-0.4347,0.4756,-1.0178,0.1571,0.6775,0.0128,0.0712,0.1391,-0.4696,0.1577,-0.3415,-0.2024,-0.0564,-0.4368,0.0091,0.2205,-0.1751,-0.4781,-0.0535,0.0644,-0.5796,0.01,-0.0445,-0.2375,-0.2695,0.0013,-0.0596,-0.0455,-0.2855,-0.0153,-0.2902,-0.0064,0.0671,-0.0363,0.3166,0.1059,-0.0706,-0.0251,-0.2182,0.0596,-0.0075,-0.2262,-0.0361,0.1019,0.0254,-0.0355,0.0233
cyrene,-0.24101499,-0.226217,-0.084022,-0.046837002,-0.044243,-0.24057999,-0.09659,-0.09096901,-0.090050995,-0.061572004,-0.24079749,-0.158593,-0.0670575,-0.0661655,-0.0621715,0.38,0.27,0.18,24.5,15.9,0,0,56.1,0.44,0.32,0.38,0.56,3,0.624,0.34,0.308,8,0.2,0.3,2.5,-34,236,0.9,4,30.8,1.47,5,0.7,0.6,7.7,1,0,2,50,142.15,1.23,40,1.12,0.75,0.37,0.1,1.2,0.01,124,58.67,-0.38,132.1418,15.0449,-0.4697,-2.5577,-0.5072,-0.2332,-0.6632,-0.1131,-0.3911,0.6679,0.8639,-0.0754,-0.974,-1.8831,-0.927,0.8683,-0.8355,-0.1071,0.6524,0.5074,-1.2464,-0.9768,0.039,0.2265,0.7015,0.973,0.7304,-0.5832,-0.5918,0.116,-0.2006,-0.2648,0.3648,-0.1392,-0.059,0.2543,0.2336,-0.1244,-0.0854,0.0344,0.1708,-0.0802,-0.0299,-0.0953,-0.0001,0.1111,0.0827,-0.0544,-0.0072,-0.0054,-0.0096,-0.0038,-0.0572,-0.0475,0.0045
decalin,-0.15832299,-0.158283,-0.098052,-0.09804,-0.04081,-0.069694,-0.069676,-0.047168,-0.04716,-0.043225,-0.1139995,-0.113988504,-0.067778,-0.067776,-0.0384315,0,0,0.1,16.2,16.8,0,0,31.5,0,0,0.05,0.02,2.2,0,0,0,17.2,0,0,0.05,-43,189,0.64,0.05,66.3,1.476,2.19,0,0.1,8.9,0,1,1.9,45.2,138.25,0.896,29.7,0,0,0,0,0.01,0.48,57,0,4.9,136.5527,-21.8523,-0.8137,-0.7749,0.9006,1.1195,-0.6497,-0.8164,-0.5356,-0.1293,-0.5815,-0.1575,0.6139,-0.1475,-0.2775,0.172,-0.067,0.0874,-0.1424,-0.1442,0.0853,-0.0763,-0.0839,-0.0916,0.0881,0.2188,-0.1388,0.2559,-0.0007,-0.0782,0.1304,0.0345,0.3009,0.2241,-0.0192,0.287,0.3298,0.0636,0.2242,-0.1216,-0.127,-0.122,-0.372,-0.2,-0.1257,-0.072,0.2387,0.3289,0.0573,0.5026,-0.1993,-0.3697,-0.146,0.2244,-0.1338
diethylcarbonate,-0.327822,-0.21916,-0.106364,-0.09852501,-0.078141004,-0.161112,-0.160346,-0.067201,-0.052929,-0.052548002,-0.1855605,-0.1242425,-0.101195,-0.0834855,-0.0796465,0.38,0.34,0.26,22.8,15.4,2.5,6,40.1,0.49,0.35,0.42,0.57,5.4,0.71,0.445,0.348,8.5,0.3,0.6,1.8,-40,126,0.9,3,29,1.43,6.5,0.7,0.7,8,0.2,1,1.87,30.4,118.13,0.979,23,0.87,0.56,0.31,0.001,1.3,57,25,35.53,0.83,122.2937,16.5991,-0.8151,0.9242,-1.5081,0.3157,0.4455,-0.4905,-0.316,0.2909,0.4915,0.1269,0.7273,-0.5363,0.8946,0.0744,-0.5925,0.2308,-0.1809,0.0286,0.5645,0.3845,0.0217,0.3371,0.1554,0.1616,0.3181,0.0966,-0.2245,-0.063,0.1318,0.4348,-0.0067,-0.0138,-0.0065,-0.025,-0.0729,-0.0007,-0.2024,0.0128,-0.0446,0.2828,-0.1025,-0.1498,-0.1934,0.0134,0.1612,0.1674,0.0994,0.0861,0.003,-0.1366,0.1754,0.0342,0.0328
diethyleneglycoldiethylether,-0.5645022,-0.0934595,-0.0636722,-0.0318252,-0.0325950,-0.1374062,-0.101968,-0.0653109,-0.0443644,-0.042746,-0.2468698,-0.0835522,-0.0684244,-0.0446731,-0.0443218,0.45,0.31,0.27,21.3,16.5,7.4,14.3,47.5,0.49,0.36,0.43,0.59,7.7,0.743,0.498,0.361,9,0.4,0.7,2.8,-35,210,2,4,33.4,1.45,7.3,0.5,0.8,7.8,1,0,2.37,47.9,162.23,0.919,27.9,0.78,0.52,0.26,0.01,1.3,0.01,75,26.3,0.56,164.5941,1.9344,-1.4925,0.5425,-1.0202,-1.6833,-0.4747,0.2753,-0.2925,-0.1585,-0.3106,-0.4838,0.8478,-0.4719,0.2636,0.6367,0.6984,-0.6455,-0.1151,-0.2033,-0.1173,-0.0582,-0.2998,0.1942,-0.3343,-0.0708,-0.0343,-0.1136,-0.0068,-0.0589,-0.3521,-0.0181,-0.3024,-0.2302,-0.0628,0.1646,0.0869,-0.1032,-0.012,-0.0238,-0.1609,0.0497,-0.0535,0.16,0.0428,-0.0395,0.0732,-0.1654,0.098,0.0539,-0.1001,-0.0435,0.0628,-0.0941,-0.0753
diethyleneglycolmonoethylether,-0.558622,-0.108838975,-0.07415,-0.049298,-0.04282099,-0.170673,-0.11806901,-0.081402,-0.052079998,-0.048942,-0.286596,-0.085473,-0.080445,-0.072488494,-0.054357,0.44,0.31,0.24,21.1,16.5,7.4,13.3,49,0.48,0.35,0.47,0.63,7.4,0.737,0.487,0.354,7.5,0.4,0.7,2.7,-40,188,2,3,30.6,1.44,7.8,0.3,0.8,7.5,1,0,2.35,44.2,134.17,0.988,29.7,0.92,0.69,0.33,1,1.3,0.01,85,38.87,-0.54,138.6193,17.2642,-1.0685,1.2379,-0.225,-1.7802,-1.0704,0.3583,-0.0556,0.5483,-0.5671,-0.3514,0.5054,-0.4094,0.3686,0.2295,1.0786,-0.4864,-0.4413,-0.3651,-0.1616,-0.0182,-0.3086,0.6447,-0.29,0.5243,-0.0171,-0.1524,0.0066,0.076,-0.2036,0.3249,-0.27,-0.2042,0.2094,0.0706,0.1265,-0.2324,0.2141,-0.1808,0.0518,-0.171,-0.0626,0.0807,0.0071,0.0013,-0.073,0.0169,-0.1239,-0.0704,-0.1709,0.0335,-0.0804,0.1157,-0.2753
diisopropylether,-0.119922996,-0.119891,-0.10097,-0.100935,-0.066924006,-0.282082,-0.054389004,-0.054367,-0.051103998,-0.051103,-0.14717449,-0.087145,-0.08714,-0.0645585,-0.064540505,0.29,0.31,0.15,21.8,15.7,0,2.4,35.6,0.47,0.34,0.41,0.57,3.1,0.629,0.342,0.313,10,0.2,0.2,0,-75,94,1.1,2.5,27.4,1.43,3.2,0.4,0.4,8.3,0,1,2.38,26.2,102.18,0.725,19.8,0.47,0.28,0.19,0.001,1.2,52,-28,9.23,1.92,102.3796,-6.9637,-0.6042,0.3526,-0.2922,0.132,0.2125,-0.4809,0.9279,-0.7616,0.2334,-0.1492,0.4488,0.0997,-0.8693,0.0039,0.2657,-0.1564,-0.0406,-0.0416,-0.0405,-0.0977,-0.2629,-0.1413,-0.292,0.4002,-0.3946,-0.0172,-0.1956,0.0795,0.2272,-0.0367,0.1908,0.0858,-0.1806,0.0537,-0.132,0.2627,-0.1732,-0.1213,0.3145,-0.0806,-0.0859,-0.2689,-0.3986,-0.0601,0.2414,0.1113,0.2195,-0.4867,0.2351,-0.0737,0.4747,0.2285,0.2075
dimethylcarbonate,-0.3337608,-0.21916,-0.1115950,-0.1033705,-0.1371808,-0.2195545,-0.2185107,-0.08103,-0.0638261,-0.0769452,-0.219800,-0.1686148,-0.1373360,-0.0834855,-0.0975950,0.4,0.31,0.24,23,15.5,2.4,6,37.8,0.47,0.32,0.4,0.54,3.9,0.65,0.39,0.33,7,0.3,0.6,1.8,-22,90,0.8,3,27.5,1.43,4.8,0.5,0.6,8,1,0,2.4,30.2,90.08,1.07,28.4,0.9,0.57,0.33,0.001,1.3,54,18,26.3,0.37,94.5804,21.0329,-0.4549,0.1523,-1.171,0.0291,0.7281,-1.0805,0.3847,-0.23,0.0742,0.1764,0.0842,0.159,-0.3955,-0.435,-0.2837,0.4704,-0.2666,0.1424,0.5606,0.4276,-0.0958,0.1377,-0.2266,0.4116,0.5286,-0.1482,-0.3903,-0.0986,-0.6069,-0.086,-0.0728,-0.0315,-0.0916,-0.0694,0.1412,0.4127,-0.0256,0.1347,-0.1063,0.2296,-0.3223,-0.0367,0.0953,0.0006,-0.2157,-0.1229,-0.0085,-0.1763,-0.1709,0.1125,0.0147,-0.0503,0.0543
dioxolane,-0.13655001,-0.136517,-0.129354,-0.129224,-0.114448994,-0.186472,-0.184849,-0.137628,-0.087754995,-0.080936,-0.12603849,-0.112147,-0.111355,-0.096011,-0.095836505,0.41,0.34,0.28,21.7,16.6,2.8,8.3,43.1,0.5,0.43,0.46,0.6,3.6,0.644,0.36,0.32,7,0.6,0.6,0,-62,94,1,4,27.6,1.46,3.4,0.5,0.5,7.9,1,0,1.69,32.2,74.08,1.06,29.1,0.86,0.54,0.32,0.015,1.1,120,-24,17.07,-0.37,76.071,6.6571,-0.5767,-1.302,-0.1578,-0.6545,-0.598,-0.2309,-0.1832,-0.1249,1.0814,-0.2378,0.0752,0.834,0.5412,-0.4234,0.1625,-0.1722,0.4035,0.2382,-0.2066,0.0239,-0.093,0.1117,-0.0303,-0.1343,-0.0174,-0.0293,-0.3413,0.0341,-0.0343,-0.0554,-0.0518,0.03,-0.0012,-0.0217,-0.2654,0.3259,-0.0919,-0.1733,-0.3129,-0.1786,0.139,-0.021,-0.0262,0.1032,0.2187,0.0663,0.0034,0.624,-0.2305,0.0653,0.8458,0.3879,-0.2323
ditertbutylether,-0.053609,-0.053574003,-0.052715,-0.05271,-0.050331,-0.266323,-0.045484997,-0.045482,-0.044403,-0.044401996,-0.13650301,-0.0457905,-0.045787502,-0.044627,-0.0446235,0,0,0,18.1,15.8,0,1.9,34,0.42,0.28,0.35,0.5,3.4,0.628,0.351,0.317,13,0.1,0.2,0,-28,105,1.2,2.5,30.2,1.47,2,0.2,0.1,8.8,0,1,2,26.3,130.23,0.74,22,0.31,0.15,0.16,0.001,1.2,84,-15,9.23,2.6,130.0885,-11.4154,-0.7493,0.3191,-0.1318,0.0595,0.2786,-0.3605,-0.0018,-1.3566,-0.2664,0.6441,-0.3523,-0.2945,0.1714,-0.451,0.2501,-0.1579,-0.1712,-0.024,-0.465,-0.1104,-0.1433,0.2646,-0.3162,0.0542,-0.1171,-0.3028,-0.0229,0.0731,0.4802,0.1047,0.1818,0.3703,-0.0836,-0.0145,-0.0567,0.1817,-0.299,0.1176,0.1741,0.4825,0.0103,-0.4236,0.22,0.1553,-0.1865,0.0892,0.1324,0.1419,-0.1736,0.3043,0.1779,-0.036,-0.1364
ethylenecarbonate,-0.210578,-0.210342,-0.118866,-0.105367005,-0.105336994,-0.15799701,-0.157987,-0.095464006,-0.09546,-0.095365,-0.153019,-0.1528535,-0.105886,-0.105851494,-0.094128504,0.45,0.36,0.28,23.4,15.6,2.5,6.2,56.5,0.5,0.34,0.43,0.58,7.8,0.76,0.485,0.355,7.5,0.6,0.6,1.8,35,140,1.1,3.5,29.8,1.45,8,0.7,0.7,8.1,1,0,1.93,54.1,88.06,1.32,49,1.37,0.89,0.48,0.01,1.1,0.06,143,38.77,-0.46,92.5801,21.3231,0.0502,-1.9,-0.7734,-0.0786,-0.4156,0.3594,-0.3344,-0.1484,1.2574,0.1007,-0.0173,-0.2095,0.0445,-0.4943,0.3488,0.2804,-0.5849,0.0949,0.2653,-0.1882,0.0007,0.0895,-0.5209,-0.3563,-0.1829,0.4907,-0.5839,-0.2602,0.2699,-0.3254,0.1811,0.1846,-0.0476,0.0485,0.16,-0.2449,0.3012,-0.0387,0.0011,0.0361,0.0874,0.1713,0.1833,-0.5315,0.0049,-0.2386,-0.1278,0.5536,0.0467,0.0856,0.5291,-0.5246,0.3036
ethylmethylcarbonate,-0.22859901,-0.1875,-0.14783,-0.109495,-0.083845,-0.297967,-0.144189,-0.10407801,-0.082542,-0.046605997,-0.162837,-0.13760251,-0.105974495,-0.089129,-0.086282,0.35,0.32,0.24,22.3,15.5,2.4,6.3,39,0.48,0.33,0.41,0.56,4.8,0.682,0.42,0.336,8,0.3,0.6,1.8,-25,116,0.9,3,28,1.44,5.5,0.6,0.6,8,1,0,2,35.4,104.11,0.974,25,0.95,0.58,0.37,0.1,1.2,55,14,35.53,0.13,108.4417,18.8266,-0.8399,1.0411,-1.7048,0.2004,0.5018,-0.8257,0.2206,0.1394,0.5244,0.2723,0.8303,-0.4064,0.5131,-0.0333,-0.8429,0.4967,-0.2119,0.3557,0.8486,0.6756,0.2053,0.1749,0.1769,0.3312,0.6097,0.1103,-0.4529,-0.1217,-0.2939,0.3865,-0.05,0.0145,0.0316,-0.1212,0.0938,0.2904,-0.1186,0.0871,-0.0712,0.2059,-0.3155,-0.0515,-0.0751,-0.0735,-0.1187,-0.0365,-0.077,-0.1828,-0.1721,-0.0992,-0.0613,0.0145,0.0293
ethyltertbutylether,-0.149035,-0.14794,-0.113148,-0.055314,-0.054774,-0.283615,-0.081539,-0.07794,-0.058181003,-0.042227004,-0.147946,-0.0953495,-0.0947355,-0.070855,-0.0554955,0.24,0.35,0.15,20.5,15.3,0,1.9,35.6,0.44,0.31,0.4,0.55,3.6,0.607,0.39,0.327,9,0.2,0.2,0.1,-60,98,1.25,2.5,28.2,1.4,3.5,0.4,0.5,8,0,1,2,32.6,102.18,0.743,19.9,0.38,0.2,0.18,0.001,1.2,58,-28,9.23,1.8,102.3854,-6.9653,-1.0075,1.0523,-0.6223,-0.0787,-0.1216,0.1768,-0.1569,-1.0661,-0.0795,1.089,0.0796,-0.4712,0.7681,0.2447,0.0336,-0.0829,0.0509,0.1312,-0.44,-0.0775,-0.0943,0.2497,-0.0939,-0.0068,-0.181,-0.1048,-0.0373,0.1064,0.6755,0.1746,0.1378,0.3679,0.5166,0.2176,-0.2097,0.1971,-0.563,0.2645,0.0904,0.2166,0.406,-0.4703,0.7486,0.0847,-0.2206,0.2188,0.1258,0.2736,0.1658,-0.0608,-0.248,-0.0159,0.3062
fluorobenzene,-0.134482,-0.134482,-0.13225001,-0.13225001,-0.068122,-0.172844,-0.140721,-0.098367006,-0.090602994,-0.090602994,-0.120482996,-0.1114265,-0.1114265,-0.1098055,-0.1098055,0,0,0,14.3,19,0,0,35.4,0.39,0.22,0.3,0.44,2.7,0.574,0.31,0.292,13,0.1,0.2,1.2,-30,83,1.1,6,27.8,1.49,5.5,0.3,0.3,8.5,0,1,1.4,35,96.1,1.025,25.7,0.85,0.56,0.29,0.001,1.3,90,-7,0,2.16,94.9271,-15.2115,1.9212,-0.0747,-0.1323,-0.438,-0.01,-0.0611,-0.2979,0.4506,0.1011,0.2845,-0.0498,0.2629,-0.2295,0.2186,-0.0862,-0.3314,-0.0701,0.0599,0.3457,-0.0492,0.0813,-0.0566,0.1664,0.0531,-0.2918,-0.0946,-0.1553,-0.3054,-0.4836,0.2483,0.1947,0.531,0.5857,-0.0311,-0.174,-0.3964,0.0703,-0.0448,-0.0888,0,0.025,-0.3575,0.2111,0.124,-0.0927,-0.1533,0.4027,-0.2271,-0.0091,-0.1937,0.1954,0.0465,0.101
gamma-butyrolactone,-0.233744,-0.22839898,-0.13988,-0.103220984,-0.068462,-0.449857,-0.118653,-0.100951,-0.069762,-0.044089995,-0.339128,-0.1761985,-0.10208599,-0.091985,-0.069112,0.5,0.34,0.28,23.8,15.7,6.7,12.2,53.5,0.51,0.39,0.45,0.59,5.6,0.73,0.452,0.342,7.5,0.6,0.6,1.7,-48,204,1.3,4.5,31.5,1.48,14.1,0.7,0.8,8.2,1,0,2.43,44.9,86.09,1.13,42.1,1.04,0.67,0.37,0.45,1.1,0.23,98,40.46,-0.64,89.1752,12.4903,-0.1217,-2.1183,-0.4264,0.2932,-0.3983,0.5547,-0.2946,0.2636,0.9169,0.3149,0.2026,-0.0607,0.1752,-0.2322,0.4857,0.4103,-0.9957,0.8344,0.3782,-0.7852,0.3116,-0.3915,-0.5615,-0.1326,0.0649,0.0222,0.3788,0.8662,0.135,0.0188,-0.3983,0.6331,-0.1083,0.1855,0.2922,-0.0188,0.2754,0.0009,-0.2383,-0.1235,-0.0984,-0.5394,0.3543,-0.5819,0.2429,-0.5077,-0.1064,-0.4203,0.5457,0.2176,-0.475,0.2187,-0.2924
gamma-valerolactone,-0.205615,-0.2006,-0.162877,-0.08628301,-0.068624,-0.45007098,-0.11707701,-0.097417,-0.068424,-0.042677,-0.3253355,-0.161346,-0.102777004,-0.091850005,-0.068524,0.45,0.35,0.25,23.5,15.9,6.4,12.1,52.3,0.52,0.4,0.46,0.61,5,0.709,0.438,0.34,8,0.6,0.6,1.7,-29,205,1.2,4,31.2,1.47,10.2,0.6,0.7,8,1,0,1.81,47.3,100.12,1.06,33.7,1.01,0.63,0.38,0.05,1.1,0.36,87,43.37,-0.34,103.0356,10.2756,-0.3501,-1.9375,-0.7574,0.9661,-0.9058,0.2434,0.2903,0.1125,0.3191,0.2387,-1.0247,-0.7123,-0.2554,0.8953,0.4838,-0.0138,-0.675,-0.6031,0.5025,0.7167,0.4083,-0.5066,0.0012,-0.0925,-0.0257,-0.5424,0.7092,0.6547,-0.2813,0.2342,-0.1037,0.2295,0.1585,-0.1656,-0.8461,0.8022,-0.1787,-0.205,-0.5096,-0.1522,0.465,-0.0306,-0.2407,0.3685,0.07,0.2154,-0.4997,-0.0053,-0.4509,-0.2835,-0.0029,-0.0621,0.0836
hexafluorobenzene,-0.08534,-0.085339,-0.085336,-0.085336,-0.085324,-0.137724,-0.137724,-0.099169,-0.099168,-0.072159,-0.1095835,-0.109583,-0.092254,-0.092254,-0.0767325,0,0,0,14,19.6,0,0,30.3,0.36,0.18,0.26,0.4,2.5,0.568,0.313,0.29,17,0.1,0.2,0,23,128,1.5,7,31.1,1.52,2.4,0.1,0.1,9,0,1,1.4,29.3,186.05,1.61,20,0.7,0.5,0.2,0.001,1.3,111,-24,0,2.8,183.7408,-29.3243,-0.2418,-0.5681,1.0516,-0.7719,0.7213,0.2816,-0.0323,0.3378,0.108,-0.3166,0.0437,-0.1724,-0.1192,0.0368,-0.2547,-0.4972,-0.1129,-0.0158,0.4559,-0.1347,0.16,0.0377,0.1127,0.0744,-0.6085,-0.2619,-0.0372,-0.4411,-0.4722,-0.1095,0.3922,0.817,0.5076,0.0413,-0.3097,-0.185,0.0288,-0.2511,-0.0343,0.1203,-0.0773,-0.0877,0.1309,0.0914,-0.2276,-0.2199,0.1989,-0.1488,-0.2391,0.1194,0.0218,0.0892,0.1905
isoamylalcohol,-0.201592,-0.193821,-0.164007,-0.082938,-0.064535,-0.296844,-0.098244995,-0.088263005,-0.086242005,-0.059992,-0.1625915,-0.1238695,-0.123759,-0.093243495,-0.0753885,0.52,0.35,0.28,23.1,15.4,4.4,10.8,51.6,0.5,0.35,0.43,0.58,4.3,0.687,0.418,0.335,9,0.3,0.6,1.7,-79,131,1,4,30,1.45,7.3,0.8,0.7,8.1,0.2,1,2.67,48.9,88.15,0.809,25.5,0.83,0.49,0.34,0.01,1.1,1.37,43,20.23,1.2,90.2576,6.1531,-0.2225,1.2398,0.9071,0.2993,-0.5613,0.1381,1.1248,0.0154,0.4871,-0.0252,-0.0399,0.1375,-0.4904,-0.1994,0.4361,0.6442,-0.2487,-0.1806,0.1232,-0.3193,-0.2879,-0.0013,0.3518,0.9204,-0.304,0.5516,-0.4555,-0.038,0.0592,0.471,0.1185,0.1094,-0.03,-0.2217,-0.2589,-0.3245,0.0821,-0.2254,-0.1259,-0.0717,0.1954,0.3031,0.0475,-0.1392,-0.0573,-0.3546,-0.4945,0.2128,-0.0394,0.3389,0.2513,-0.2573,0.7687
isooctane,-0.096073,-0.06967,-0.060627997,-0.059215,-0.056359,-0.077879,-0.067217,-0.063232,-0.05938,-0.053947996,-0.0584,-0.054809,-0.052733503,-0.0515895,-0.047974,0.05,0,0,14.4,15,0,0,31,0.38,0.23,0.29,0.4,1.92,0.516,0.251,0.285,16,0.1,0.1,0,-107,99,0.4,1.5,21.9,1.4,1.9,0.1,0,8.4,0,1,2.15,35.8,114.23,0.692,18.6,0,0,0,0.001,1.5,42.3,-12,0,4.5,112.8378,-18.0578,-0.6644,1.0147,0.4261,0.8321,0.1206,0.0053,0.7699,-1.4248,0.5886,0.6359,0.1003,-0.2803,-0.3285,0.0611,0.5227,0.297,-0.1525,-0.0377,-0.393,-0.5341,-0.173,-0.4272,0.4671,0.2929,-0.0528,0.5686,-0.4987,-0.103,-0.1869,0.4685,-0.1387,0.2869,-0.4392,-0.5657,-0.3528,-0.4662,-0.158,0.2921,-0.9178,0.2717,-0.0603,0.6264,0.0248,0.1957,0.01,-0.2488,-0.0647,0.1123,-0.0332,-0.2851,-0.4552,0.3031,-0.6312
isopropylacetate,-0.27062398,-0.14391199,-0.12177399,-0.099243,-0.051625,-0.401623,-0.101934016,-0.096329,-0.072292,-0.055014003,-0.26169848,-0.1611965,-0.122923,-0.0857675,-0.073224,0.31,0.3,0.21,21.5,15.6,0,3.6,38,0.48,0.39,0.44,0.6,4.7,0.678,0.425,0.332,8.5,0.2,0.3,1.6,-49,89,0.7,3,29,1.39,5.2,0.6,0.6,8.5,0,1,1.81,31.7,102.13,0.87,21.6,0.52,0.3,0.22,0.001,1.2,44,3,26.3,1.05,105.029,9.9831,-0.5894,0.4075,-0.7416,0.634,1.2115,-1.0838,0.6112,0.2691,0.377,0.1097,0.2372,0.3922,-0.9526,-0.2095,0.6071,-0.0527,-0.0253,-0.4164,-0.3628,-0.3289,-0.3282,-0.1598,-0.2951,0.453,-0.746,0.1014,-0.0382,-0.0133,-0.0159,-0.1902,0.2271,0.1609,-0.0996,0.2885,-0.0073,0.4428,-0.191,-0.0228,0.0815,-0.5343,-0.1602,-0.3724,-0.6114,-0.2568,0.1993,0.4533,0.2473,-0.2285,0.3728,-0.5005,0.0078,0.0892,-0.0847
lacticacid,-0.208187,-0.199934,-0.124189,-0.11551699,-0.065785006,-0.345911,-0.133082,-0.107391,-0.10684501,-0.059635997,-0.27292252,-0.157516,-0.111453995,-0.090459496,-0.083096,0.85,0.5,0.6,32.4,14.2,12.4,17.3,54.5,0.6,0.67,0.72,0.84,8.7,0.817,0.567,0.445,7.5,1,0.6,1.7,17,122.5,1.2,5,22.1,1.43,14.9,1.4,0.9,9,1,0,2.46,55,90.08,1.21,43,1.29,0.89,0.4,10,1.1,0.08,113,57.53,-0.72,98.0223,42.7235,1.1758,0.5198,1.0278,0.8679,0.579,-0.3663,0.7719,-0.4318,0.2712,0.0073,0.3554,0.3623,-0.4929,0.5562,0.0881,-0.4702,0.1494,0.0074,-0.1346,0.1663,-0.1537,-0.1647,-0.2641,-0.1636,0.7774,-0.1828,0.3748,-0.0518,0.2102,-0.2061,0.243,0.1924,0.0999,-0.1238,-0.0596,-0.6254,0.2314,-0.0916,-0.053,-0.264,0.1611,-0.0358,0.1446,-0.0336,-0.0246,-0.0495,0.1745,-0.1303,0.017,0.0691,0.2404,0.2406,-0.1209
limonene,-0.17633301,-0.093485,-0.083269,-0.08275,-0.079079,-0.163549,-0.137786,-0.070964,-0.056468002,-0.047228,-0.12364851,-0.096934006,-0.082908,-0.0601745,-0.055352002,0,0,0,17.4,15.1,0,0,33.2,0.38,0.25,0.31,0.45,2.5,0.576,0.312,0.288,12,0.1,0.1,0,-74,176,0.9,1.5,24.2,1.47,2.2,0.1,0.2,8.5,0,1,1.68,43,136.24,0.841,27.4,0.12,0.04,0.08,0.001,1.4,1.98,48,0,4.58,134.5771,-21.5293,-0.2297,-0.2652,0.0622,1.9905,-0.5231,-0.8499,0.7974,1.4847,-0.6102,-0.3395,-0.8766,-1.4674,0.7611,-0.6438,1.6093,-0.3941,1.4506,1.519,0.6275,0.4748,-0.6008,-0.5075,-0.3359,-0.262,-0.0086,0.2307,-0.1601,-0.1659,0.129,0.1933,0.1727,-0.118,0.0169,-0.0998,0.0149,-0.002,-0.0514,-0.045,0.0474,-0.0412,-0.0587,0.114,0.0618,-0.0348,-0.0407,-0.0133,0.1598,-0.122,-0.0021,0.0267,-0.0019,0.0569,0.0296
NNdimethylpropyleneurea,-0.21078,-0.21073899,-0.065924,-0.055017002,-0.055011,-0.146596,-0.146586,-0.06096202,-0.054072004,-0.054058,-0.1288245,-0.128806,-0.0845905,-0.084583,-0.0526815,0.39,0.31,0.26,23,15.8,7,11.2,52.2,0.52,0.38,0.45,0.62,3.5,0.655,0.353,0.31,8.5,0.6,0.7,2.6,23,222,1.4,5,30.2,1.47,6.8,0.6,0.8,8,1,0,1.7,45,130.19,1.03,33,1.34,0.91,0.43,0.35,1.1,0.015,128,39.14,-0.2,130.2913,3.1332,-0.3264,-1.8226,0.1265,0.322,0.522,1.8956,0.7315,0.5103,-1.0155,0.9526,0.9329,0.2121,-0.254,-0.3984,-0.2689,-0.1384,0.3975,-0.3251,-0.1142,0.1511,-0.1898,0.0675,0.2482,0.0547,0.1221,-0.0522,-0.1164,-0.3002,0.2245,0.0815,-0.0687,-0.1515,0.1999,0.0212,-0.1641,0.3637,-0.0212,0.0274,-0.1835,-0.2697,-0.5387,0.2697,0.4272,-0.1738,0.3045,-0.0046,-0.1554,-0.1153,0.2414,0.014,0.0369,-0.0182,-0.0631
orthodifluorobenzene,-0.153153,-0.153153,-0.088333994,-0.088333994,-0.080965996,-0.135867,-0.135867,-0.12219,-0.122189,-0.089939,-0.1121005,-0.1121005,-0.104765005,-0.104765005,-0.101578,0,0,0,14.5,19.2,0,0,34.7,0.38,0.21,0.29,0.43,3.1,0.632,0.355,0.315,15,0.1,0.2,0,-31,93,1.2,6,28.2,1.5,2.8,0.2,0.2,8.8,0,1,1.49,34.6,114.1,1.21,24,0.83,0.55,0.28,0.001,1.2,29.5,6,0,2.7,112.6901,-18.0387,1.5178,-0.1826,0.0469,-0.5363,0.0946,0.0282,-0.1588,0.4768,0.0853,0.0406,-0.0407,0.0948,-0.1407,0.04,-0.2244,-0.2634,-0.1401,0.0744,0.3771,-0.0916,0.1967,-0.0278,0.1716,-0.01,-0.8093,-0.4674,-0.3013,-0.3357,-0.5581,0.3247,0.2264,0.4695,0.5538,-0.081,-0.1154,-0.2821,0.089,0.2206,-0.1072,0.026,0.0198,-0.116,0.0093,0.1591,0.0204,-0.0786,0.4309,-0.0484,0.0609,0.0601,-0.0868,-0.3026,-0.1734
orthoxylene,-0.140026,-0.140025,-0.08170499,-0.081681,-0.074491,-0.124280006,-0.12427901,-0.110585,-0.110584,-0.051527,-0.1029925,-0.10298,-0.093859,-0.0938585,-0.086581,0,0,0,18.6,17.1,0,0,34.5,0.42,0.22,0.32,0.47,2.3,0.584,0.312,0.299,14,0.1,0.1,0,-25,144,0.8,1.5,20.6,1.33,2.2,0,0,8.6,0,1,1.71,35.1,106.17,0.88,31,0.22,0.07,0.15,0.001,1.1,6.6,30,0,3.12,104.8734,-16.8025,1.4935,0.1982,-0.6463,0.2275,-0.114,0.1262,0.5476,0.2466,-0.1745,-0.3658,-0.1557,0.0034,0.4936,-0.2291,-0.36,-0.0047,-0.2061,-0.1873,-0.0869,-0.0241,-0.0024,-0.1837,0.051,0.0278,-0.2187,-0.4286,-0.1269,-0.0339,0.0666,0.1555,0.0146,-0.0739,-0.0312,-0.4566,0.364,-0.2561,-0.1261,0.1597,-0.1421,-0.1787,0.0761,-0.0634,-0.1813,-0.1973,0.295,0.166,-0.0788,0.0243,-0.0391,0.0412,-0.077,-0.0945,-0.1349
paraxylene,-0.119735,-0.119141996,-0.11495,-0.114358,-0.063075,-0.12412,-0.12412,-0.075761005,-0.075652,-0.073559,-0.096647,-0.096297,-0.0953555,-0.095005,-0.085571,0,0,0,18.5,17.1,0,0,33.8,0.4,0.2,0.3,0.45,2.2,0.579,0.305,0.295,14,0.1,0.1,0,-47,138,0.8,1.5,20.6,1.33,2.3,0,0,8.6,0,1,1.74,33.2,106.17,0.861,28,0.19,0.07,0.12,0.001,0.8,7.5,25,0,3.2,104.8705,-16.7946,0.9132,0.1564,-0.444,0.447,0.0228,0.1924,0.8871,0.1441,-0.0902,-0.6944,-0.0438,-0.3074,0.5423,-0.4395,-0.2393,-0.2289,-0.3052,-0.0693,-0.0996,-0.0993,0.5372,0.7258,0.3623,-0.1361,-0.0552,0.0257,0.3401,0.0233,0.0382,-0.4313,0.0371,0.1801,-0.3855,0.006,0.0611,0.0426,-0.0539,-0.326,-0.1161,-0.173,-0.0547,0.0463,-0.0066,0.1958,-0.3049,-0.0675,-0.0435,0.1857,0.3256,-0.1945,-0.0302,-0.0138,-0.0291
propionitrile,-0.139781,-0.139716,-0.12733701,-0.120156,-0.11461398,-0.310121,-0.19707799,-0.100379005,-0.100379005,-0.093828,-0.21236749,-0.1622075,-0.12008,-0.1200475,-0.094873995,0.28,0.35,0.16,22.7,16.2,5.1,1.5,46.4,0.33,0.42,0.37,0.54,3.3,0.652,0.431,0.338,5,0.3,0.6,3.5,-55,97,0.8,4,25.8,1.43,23,0.8,0.9,9,1,0.2,1.98,29.2,55.08,0.769,24.7,0.93,0.65,0.28,4.3,1,31.7,6,23.79,0.19,58.1566,14.7989,0.1044,0.7597,-0.5032,0.7993,-0.4238,0.6885,-0.4997,-1.0629,-0.0697,-0.2936,0.2084,-0.197,0.3677,0.1994,0.1,0.255,1.1439,-0.4955,0.78,-0.67,0.7202,-0.1342,-0.1121,0.2422,-0.2117,0.098,-0.1739,0.0985,-0.249,-0.1548,-0.1627,-0.2084,0.0598,0.2193,0.1428,-0.1033,-0.0573,0.0245,0.172,-0.0424,0.1877,-0.0934,-0.0557,0.1365,-0.1159,0.0939,-0.0339,-0.1067,-0.0455,-0.0373,0.0829,0.1403,-0.1309
propylacetate,-0.287512,-0.148978,-0.129356,-0.103822,-0.056912,-0.40354902,-0.103892,-0.10319801,-0.072223,-0.054571997,-0.2664525,-0.170279,-0.12608801,-0.0880225,-0.0794605,0.32,0.33,0.21,21.4,15.7,0,3.2,37.4,0.49,0.41,0.45,0.62,4.5,0.671,0.414,0.328,8.5,0.2,0.3,1.6,-51,101,0.7,3,29,1.41,5,0.6,0.6,8.5,0,1,1.82,36.4,102.13,0.886,24.5,0.53,0.32,0.21,0.0015,1.2,22,14,26.3,1.22,105.0338,9.9929,-1.0876,1.1852,-1.2968,0.524,0.7172,-0.1941,-0.9025,1.0882,0.2001,0.1611,-0.0643,0.1299,-0.3802,-0.2533,0.0515,-0.2259,0.1566,-0.2649,-0.7461,-0.1925,0.6411,-0.4257,0.4365,-0.4745,-0.4986,0.1945,0.1206,-0.002,0.2179,0.2614,-0.1824,-0.0405,-0.0121,-0.1348,0.0189,-0.0268,0.2169,-0.2788,0.3297,0.3741,-0.022,0.143,0.1416,0.0332,0.109,-0.1944,-0.2281,-0.235,-0.344,0.1007,0.095,0.3142,0.073
secbutanol,-0.592516,-0.10635498,-0.064128995,-0.061306998,-0.038046002,-0.315634,-0.092381,-0.069823004,-0.068413004,-0.062568,-0.3424485,-0.2109945,-0.0508375,-0.048844,-0.0460665,0.46,0.37,0.26,23.4,15.6,6,10.6,48,0.53,0.41,0.47,0.63,5,0.711,0.437,0.34,8,0.7,0.9,1.6,-115,99,2,4,28.5,1.48,16,0.6,0.7,8.2,0.2,1,2.51,43.5,74.12,0.808,23,0.9,0.52,0.38,0.01,1.1,9.2,28,20.23,0.61,76.4056,8.3627,-0.2373,1.3383,0.5047,0.5728,-0.4192,0.1025,1.0527,-0.1428,0.6642,0.1827,0.3588,0.0955,-0.2756,0.641,-0.1134,-0.0091,0.2252,0.0737,0.1455,-0.1606,-0.0769,-0.5163,-0.064,-0.376,-0.1589,-0.3408,0.0574,0.0693,-0.2977,-0.1639,-0.2165,-0.1714,0.0683,0.0583,-0.1739,-0.0521,0.1229,-0.294,0.1749,-0.0869,0.042,-0.0708,0.1463,0.2598,0.1403,0.2296,-0.2177,0.1352,-0.0824,-0.0658,-0.1959,-0.3679,0.2087
tamylmethylether,-0.164786,-0.147038,-0.133964,-0.043573998,-0.042606004,-0.278122,-0.077093005,-0.07664,-0.06863999,-0.048146002,-0.14584151,-0.1024465,-0.088290006,-0.087933,-0.0516605,0.25,0.3,0.2,20,15.4,0,2.1,34.5,0.46,0.32,0.4,0.55,2.9,0.598,0.321,0.291,9.5,0.2,0.3,0,-36,119,1.2,3,28.5,1.43,3.5,0.4,0.5,8.2,0,1,2,27.7,102.18,0.764,25,0.37,0.21,0.16,0.001,1.3,118,-19,9.23,1.87,102.3855,-6.9663,-1.0173,1.011,-0.6446,-0.1664,-0.1753,-0.0119,-0.0687,-1.275,-0.3049,1.1338,-0.3954,-0.2418,0.39,-0.2328,-0.2396,0.4055,0.0916,0.4949,-0.2276,-0.1407,0.2836,-0.1748,0.1167,-0.3411,0.0677,-0.071,0.0629,0.2095,-0.2279,-0.356,0.0665,0.227,0.7384,0.1816,-0.1732,0.0843,0.8746,-0.1834,0.1696,-0.6728,-0.5315,0.6345,-0.7811,-0.1693,-0.3915,0.0703,-0.0237,-0.1424,0.047,0.223,0.1836,-0.1253,0.0832
tbutylbenzene,-0.142748,-0.13054499,-0.094528005,-0.076013,-0.073094994,-0.151772,-0.120064996,-0.090445995,-0.089232996,-0.066343,-0.123150006,-0.1159905,-0.1104955,-0.0931045,-0.068328,0,0,0,18,16.6,0,0,33,0.35,0.25,0.3,0.42,2.8,0.608,0.328,0.299,15,0.1,0.1,0,33,179,0.8,2,26.5,1.5,2.5,0.1,0,8.8,0,1,1.7,45,134.22,0.86,27.4,0.14,0.08,0.06,0.001,1.3,4,35,0,3.6,132.5841,-21.2426,1.6444,0.3071,-0.2622,0.1174,0.0077,0.0147,0.0392,-0.5742,-0.1127,0.94,-0.7037,0.1872,0.1785,0.1084,0.2225,-0.0807,-0.2028,-0.1352,-0.5211,-0.1726,-0.1105,0.1053,-0.0946,-0.3089,0.3752,-0.0012,-0.0449,-0.5826,-0.0002,0.8296,-0.4423,0.0061,-0.3253,0.0435,0.7948,0.045,-0.3807,-0.225,-0.1577,-0.5274,0.1638,-0.1015,-0.2091,-0.0148,-0.1747,0.1075,-0.0033,-0.1899,-0.2162,0.1299,0.0641,0.089,0.1282
tetramethylurea,-0.207318,-0.139363,-0.095686,-0.070973,-0.054870002,-0.14276999,-0.142416,-0.06567302,-0.053398,-0.053296,-0.12483549,-0.085016,-0.081203505,-0.0756625,-0.067219496,0.44,0.34,0.24,24,15.7,7,11.2,52,0.5,0.37,0.43,0.59,2.6,0.564,0.299,0.287,7.5,0.7,0.9,0,14,179,1.4,5,30.2,1.46,5.3,0.5,0.7,7.9,1,0,1.65,50,116.16,0.968,30,1.29,0.88,0.41,0.05,1,0.16,85,29.92,0.18,118.4271,5.0473,-0.5138,-0.2511,0.3257,0.1056,1.5186,0.1606,0.1989,0.536,-0.3766,-0.445,-0.5779,0.7723,0.3923,0.6807,0.0748,0.2405,-0.2671,0.1193,0.3081,-0.6743,-0.2526,0.3137,-0.0778,-0.0118,0.4124,-0.2836,-0.1404,0.3699,0.129,0.2414,-0.1362,0.0436,0.1292,-0.1112,0.1026,0.0302,0.1844,0.2436,-0.2314,0.2944,-0.2411,0.2774,-0.14,0.5457,-0.1132,0.2419,0.0814,-0.2763,0.2868,0.1202,0.2768,-0.0109,0.1219
trifluorotoluene,-0.14428501,-0.110743,-0.088329,-0.087052,-0.082103,-0.172691,-0.143263,-0.090458,-0.087677,-0.076171994,-0.158488,-0.127003,-0.0856805,-0.08489,-0.081612,0,0,0,15,19.5,0,0,36.7,0.37,0.2,0.28,0.42,4.4,0.683,0.425,0.338,14,0.1,0.2,0,-33,115,1.1,6,27,1.5,3.4,0.2,0.3,8.7,0,1,1.36,35,132.11,1.28,26.4,0.74,0.44,0.3,0.001,1.2,15.1,14,0,3.3,144.3152,-23.1014,1.7588,-0.0613,0.4012,-0.6013,0.3118,-0.1784,-0.5183,-0.0069,0.217,0.8829,-0.3694,0.0719,-0.0252,0.1157,-0.066,-0.8852,-0.1927,0.0349,0.29,-0.034,0.0722,-0.192,0.2592,0.0735,0.1655,0.519,-0.0624,-0.2804,-0.2475,0.5743,-0.4907,-0.0334,-0.1602,0.4549,0.6464,0.3235,-0.3225,-0.0841,0.0537,-0.5027,0.4914,0.1976,-0.354,-0.0391,0.1024,0.0558,-0.2499,-0.0278,0.2577,0.2095,0.0078,-0.1516,0.1952
